run_attempt_id,scenario_leaf_id,scenario_id,climate_window_id,climate_pathway_id,technology_case_id,realization_id,timestamp_start_utc,timestamp_end_utc,duration_seconds,status,skip_reason,git_commit,git_is_dirty,config_path,config_hash_sha256,inputs_manifest_path,inputs_manifest_hash_sha256,climate_forcing_file,climate_forcing_hash_sha256,belgian_technology_inputs,belgian_technology_inputs_hash_sha256,random_seed,cohort_size,model_version,output_path,log_path,error_type,error_message
baseline_1981_2005__historical__tech_current_stock__seed_0000__attempt_20260509T113913+0000Z,baseline_1981_2005__historical__tech_current_stock__seed_0000,baseline_1981_2005__historical__tech_current_stock,baseline_1981_2005,historical,tech_current_stock,seed_0000,2026-05-09T11:39:13Z,2026-05-09T11:39:19Z,5.920,success,,,,/Users/alex/Library/CloudStorage/OneDrive-VrijeUniversiteitBrussel/Documenten/VUB/MA IW/Master Thesis/model_v3/model_v3/experiments/scenario_tree/runs/baseline_1981_2005__historical__tech_current_stock__seed_0000/run_config.yaml,8ffac28a0321a0fe14fa4a07a26113e01519d92e70936d45dfc201405acd7e45,/Users/alex/Library/CloudStorage/OneDrive-VrijeUniversiteitBrussel/Documenten/VUB/MA IW/Master Thesis/model_v3/model_v3/experiments/scenario_tree/runs/baseline_1981_2005__historical__tech_current_stock__seed_0000/inputs_manifest.yaml,50fd298cfb9fdaed9afd70a5126cd865a08bc80e7dd4ef7aed77018ae2532535,/Users/alex/Library/CloudStorage/OneDrive-VrijeUniversiteitBrussel/Documenten/VUB/MA IW/Master Thesis/model_v3/inputs/climate/processed/baseline/weather_baseline_historical_cnrm_cerfacs_cm5_cnrm_aladin63_r1i1p1.csv,f8be1b33bb27df03d8f68691b0e76e08f78a2b4e2ae07b11612e8cbad8509dab,/Users/alex/Library/CloudStorage/OneDrive-VrijeUniversiteitBrussel/Documenten/VUB/MA IW/Master Thesis/model_v3/config/model_v3/belgian_technology_inputs.yaml,88d547610d047d0b2b5e0f4af6d48005f265ca5dbe43a8a86cd01413ddf2a34c,0,100,model_v3.unversioned,/Users/alex/Library/CloudStorage/OneDrive-VrijeUniversiteitBrussel/Documenten/VUB/MA IW/Master Thesis/model_v3/model_v3/experiments/scenario_tree/runs/baseline_1981_2005__historical__tech_current_stock__seed_0000/outputs,/Users/alex/Library/CloudStorage/OneDrive-VrijeUniversiteitBrussel/Documenten/VUB/MA IW/Master Thesis/model_v3/model_v3/experiments/scenario_tree/runs/baseline_1981_2005__historical__tech_current_stock__seed_0000/logs/attempts/baseline_1981_2005__historical__tech_current_stock__seed_0000__attempt_20260509T113913+0000Z,,
mid_century_2050_2070__rcp_8_5__tech_high_electrification_pv_ev__seed_0000__attempt_20260509T113924+0000Z,mid_century_2050_2070__rcp_8_5__tech_high_electrification_pv_ev__seed_0000,mid_century_2050_2070__rcp_8_5__tech_high_electrification_pv_ev,mid_century_2050_2070,rcp_8_5,tech_high_electrification_pv_ev,seed_0000,2026-05-09T11:39:24Z,2026-05-09T11:39:29Z,5.411,success,,,,/Users/alex/Library/CloudStorage/OneDrive-VrijeUniversiteitBrussel/Documenten/VUB/MA IW/Master Thesis/model_v3/model_v3/experiments/scenario_tree/runs/mid_century_2050_2070__rcp_8_5__tech_high_electrification_pv_ev__seed_0000/run_config.yaml,abd1140b3ee0d4ec2b518a4eee57a2766f8c47db02570cc0ff48c78631ef37ee,/Users/alex/Library/CloudStorage/OneDrive-VrijeUniversiteitBrussel/Documenten/VUB/MA IW/Master Thesis/model_v3/model_v3/experiments/scenario_tree/runs/mid_century_2050_2070__rcp_8_5__tech_high_electrification_pv_ev__seed_0000/inputs_manifest.yaml,e8d6a6eeb3471714e4f99c6414e976c1fe7a5b63bf3e1e1c9db3224658c6f946,/Users/alex/Library/CloudStorage/OneDrive-VrijeUniversiteitBrussel/Documenten/VUB/MA IW/Master Thesis/model_v3/inputs/climate/processed/mid_century/weather_mid_century_rcp_8_5_cnrm_cerfacs_cm5_cnrm_aladin63_r1i1p1.csv,c6d4f900f6d40fb3c4416579a1bce6ca1849b54409eece60b8f259f3d9c01916,/Users/alex/Library/CloudStorage/OneDrive-VrijeUniversiteitBrussel/Documenten/VUB/MA IW/Master Thesis/model_v3/config/model_v3/belgian_technology_inputs.yaml,88d547610d047d0b2b5e0f4af6d48005f265ca5dbe43a8a86cd01413ddf2a34c,0,100,model_v3.unversioned,/Users/alex/Library/CloudStorage/OneDrive-VrijeUniversiteitBrussel/Documenten/VUB/MA IW/Master Thesis/model_v3/model_v3/experiments/scenario_tree/runs/mid_century_2050_2070__rcp_8_5__tech_high_electrification_pv_ev__seed_0000/outputs,/Users/alex/Library/CloudStorage/OneDrive-VrijeUniversiteitBrussel/Documenten/VUB/MA IW/Master Thesis/model_v3/model_v3/experiments/scenario_tree/runs/mid_century_2050_2070__rcp_8_5__tech_high_electrification_pv_ev__seed_0000/logs/attempts/mid_century_2050_2070__rcp_8_5__tech_high_electrification_pv_ev__seed_0000__attempt_20260509T113924+0000Z,,
baseline_1981_2005__historical__tech_current_stock__seed_0000__attempt_20260509T113939+0000Z,baseline_1981_2005__historical__tech_current_stock__seed_0000,baseline_1981_2005__historical__tech_current_stock,baseline_1981_2005,historical,tech_current_stock,seed_0000,2026-05-09T11:39:39Z,2026-05-09T11:39:39Z,0.021,skipped,already_successful,,,/Users/alex/Library/CloudStorage/OneDrive-VrijeUniversiteitBrussel/Documenten/VUB/MA IW/Master Thesis/model_v3/model_v3/experiments/scenario_tree/runs/baseline_1981_2005__historical__tech_current_stock__seed_0000/run_config.yaml,8ffac28a0321a0fe14fa4a07a26113e01519d92e70936d45dfc201405acd7e45,/Users/alex/Library/CloudStorage/OneDrive-VrijeUniversiteitBrussel/Documenten/VUB/MA IW/Master Thesis/model_v3/model_v3/experiments/scenario_tree/runs/baseline_1981_2005__historical__tech_current_stock__seed_0000/inputs_manifest.yaml,50fd298cfb9fdaed9afd70a5126cd865a08bc80e7dd4ef7aed77018ae2532535,/Users/alex/Library/CloudStorage/OneDrive-VrijeUniversiteitBrussel/Documenten/VUB/MA IW/Master Thesis/model_v3/inputs/climate/processed/baseline/weather_baseline_historical_cnrm_cerfacs_cm5_cnrm_aladin63_r1i1p1.csv,f8be1b33bb27df03d8f68691b0e76e08f78a2b4e2ae07b11612e8cbad8509dab,/Users/alex/Library/CloudStorage/OneDrive-VrijeUniversiteitBrussel/Documenten/VUB/MA IW/Master Thesis/model_v3/config/model_v3/belgian_technology_inputs.yaml,88d547610d047d0b2b5e0f4af6d48005f265ca5dbe43a8a86cd01413ddf2a34c,0,100,model_v3.unversioned,/Users/alex/Library/CloudStorage/OneDrive-VrijeUniversiteitBrussel/Documenten/VUB/MA IW/Master Thesis/model_v3/model_v3/experiments/scenario_tree/runs/baseline_1981_2005__historical__tech_current_stock__seed_0000/outputs,,,
baseline_1981_2005__historical__tech_current_stock__seed_0000__attempt_20260509T113944+0000Z,baseline_1981_2005__historical__tech_current_stock__seed_0000,baseline_1981_2005__historical__tech_current_stock,baseline_1981_2005,historical,tech_current_stock,seed_0000,2026-05-09T11:39:44Z,2026-05-09T11:39:49Z,5.052,success,,,,/Users/alex/Library/CloudStorage/OneDrive-VrijeUniversiteitBrussel/Documenten/VUB/MA IW/Master Thesis/model_v3/model_v3/experiments/scenario_tree/runs/baseline_1981_2005__historical__tech_current_stock__seed_0000/run_config.yaml,8ffac28a0321a0fe14fa4a07a26113e01519d92e70936d45dfc201405acd7e45,/Users/alex/Library/CloudStorage/OneDrive-VrijeUniversiteitBrussel/Documenten/VUB/MA IW/Master Thesis/model_v3/model_v3/experiments/scenario_tree/runs/baseline_1981_2005__historical__tech_current_stock__seed_0000/inputs_manifest.yaml,50fd298cfb9fdaed9afd70a5126cd865a08bc80e7dd4ef7aed77018ae2532535,/Users/alex/Library/CloudStorage/OneDrive-VrijeUniversiteitBrussel/Documenten/VUB/MA IW/Master Thesis/model_v3/inputs/climate/processed/baseline/weather_baseline_historical_cnrm_cerfacs_cm5_cnrm_aladin63_r1i1p1.csv,f8be1b33bb27df03d8f68691b0e76e08f78a2b4e2ae07b11612e8cbad8509dab,/Users/alex/Library/CloudStorage/OneDrive-VrijeUniversiteitBrussel/Documenten/VUB/MA IW/Master Thesis/model_v3/config/model_v3/belgian_technology_inputs.yaml,88d547610d047d0b2b5e0f4af6d48005f265ca5dbe43a8a86cd01413ddf2a34c,0,100,model_v3.unversioned,/Users/alex/Library/CloudStorage/OneDrive-VrijeUniversiteitBrussel/Documenten/VUB/MA IW/Master Thesis/model_v3/model_v3/experiments/scenario_tree/runs/baseline_1981_2005__historical__tech_current_stock__seed_0000/outputs,/Users/alex/Library/CloudStorage/OneDrive-VrijeUniversiteitBrussel/Documenten/VUB/MA IW/Master Thesis/model_v3/model_v3/experiments/scenario_tree/runs/baseline_1981_2005__historical__tech_current_stock__seed_0000/logs/attempts/baseline_1981_2005__historical__tech_current_stock__seed_0000__attempt_20260509T113944+0000Z,,
baseline_1981_2005__historical__tech_current_stock__seed_0000__attempt_20260509T113957+0000Z,baseline_1981_2005__historical__tech_current_stock__seed_0000,baseline_1981_2005__historical__tech_current_stock,baseline_1981_2005,historical,tech_current_stock,seed_0000,2026-05-09T11:39:57Z,2026-05-09T11:39:57Z,0.020,skipped,already_successful,,,/Users/alex/Library/CloudStorage/OneDrive-VrijeUniversiteitBrussel/Documenten/VUB/MA IW/Master Thesis/model_v3/model_v3/experiments/scenario_tree/runs/baseline_1981_2005__historical__tech_current_stock__seed_0000/run_config.yaml,8ffac28a0321a0fe14fa4a07a26113e01519d92e70936d45dfc201405acd7e45,/Users/alex/Library/CloudStorage/OneDrive-VrijeUniversiteitBrussel/Documenten/VUB/MA IW/Master Thesis/model_v3/model_v3/experiments/scenario_tree/runs/baseline_1981_2005__historical__tech_current_stock__seed_0000/inputs_manifest.yaml,50fd298cfb9fdaed9afd70a5126cd865a08bc80e7dd4ef7aed77018ae2532535,/Users/alex/Library/CloudStorage/OneDrive-VrijeUniversiteitBrussel/Documenten/VUB/MA IW/Master Thesis/model_v3/inputs/climate/processed/baseline/weather_baseline_historical_cnrm_cerfacs_cm5_cnrm_aladin63_r1i1p1.csv,f8be1b33bb27df03d8f68691b0e76e08f78a2b4e2ae07b11612e8cbad8509dab,/Users/alex/Library/CloudStorage/OneDrive-VrijeUniversiteitBrussel/Documenten/VUB/MA IW/Master Thesis/model_v3/config/model_v3/belgian_technology_inputs.yaml,88d547610d047d0b2b5e0f4af6d48005f265ca5dbe43a8a86cd01413ddf2a34c,0,100,model_v3.unversioned,/Users/alex/Library/CloudStorage/OneDrive-VrijeUniversiteitBrussel/Documenten/VUB/MA IW/Master Thesis/model_v3/model_v3/experiments/scenario_tree/runs/baseline_1981_2005__historical__tech_current_stock__seed_0000/outputs,,,
baseline_1981_2005__historical__tech_current_stock__seed_0001__attempt_20260509T113957+0000Z,baseline_1981_2005__historical__tech_current_stock__seed_0001,baseline_1981_2005__historical__tech_current_stock,baseline_1981_2005,historical,tech_current_stock,seed_0001,2026-05-09T11:39:57Z,2026-05-09T11:40:02Z,4.978,success,,,,/Users/alex/Library/CloudStorage/OneDrive-VrijeUniversiteitBrussel/Documenten/VUB/MA IW/Master Thesis/model_v3/model_v3/experiments/scenario_tree/runs/baseline_1981_2005__historical__tech_current_stock__seed_0001/run_config.yaml,90b6d3e8d6dfc87c2c85ee1972039c4610e456f19863f39d171007e5f07713fe,/Users/alex/Library/CloudStorage/OneDrive-VrijeUniversiteitBrussel/Documenten/VUB/MA IW/Master Thesis/model_v3/model_v3/experiments/scenario_tree/runs/baseline_1981_2005__historical__tech_current_stock__seed_0001/inputs_manifest.yaml,95988d7422532de4d21040fcbaea890ad8ea24130229540467318f1377382bf2,/Users/alex/Library/CloudStorage/OneDrive-VrijeUniversiteitBrussel/Documenten/VUB/MA IW/Master Thesis/model_v3/inputs/climate/processed/baseline/weather_baseline_historical_cnrm_cerfacs_cm5_cnrm_aladin63_r1i1p1.csv,f8be1b33bb27df03d8f68691b0e76e08f78a2b4e2ae07b11612e8cbad8509dab,/Users/alex/Library/CloudStorage/OneDrive-VrijeUniversiteitBrussel/Documenten/VUB/MA IW/Master Thesis/model_v3/config/model_v3/belgian_technology_inputs.yaml,88d547610d047d0b2b5e0f4af6d48005f265ca5dbe43a8a86cd01413ddf2a34c,1,100,model_v3.unversioned,/Users/alex/Library/CloudStorage/OneDrive-VrijeUniversiteitBrussel/Documenten/VUB/MA IW/Master Thesis/model_v3/model_v3/experiments/scenario_tree/runs/baseline_1981_2005__historical__tech_current_stock__seed_0001/outputs,/Users/alex/Library/CloudStorage/OneDrive-VrijeUniversiteitBrussel/Documenten/VUB/MA IW/Master Thesis/model_v3/model_v3/experiments/scenario_tree/runs/baseline_1981_2005__historical__tech_current_stock__seed_0001/logs/attempts/baseline_1981_2005__historical__tech_current_stock__seed_0001__attempt_20260509T113957+0000Z,,
baseline_1981_2005__historical__tech_current_stock__seed_0002__attempt_20260509T114002+0000Z,baseline_1981_2005__historical__tech_current_stock__seed_0002,baseline_1981_2005__historical__tech_current_stock,baseline_1981_2005,historical,tech_current_stock,seed_0002,2026-05-09T11:40:02Z,2026-05-09T11:40:02Z,0.384,success,,,,/Users/alex/Library/CloudStorage/OneDrive-VrijeUniversiteitBrussel/Documenten/VUB/MA IW/Master Thesis/model_v3/model_v3/experiments/scenario_tree/runs/baseline_1981_2005__historical__tech_current_stock__seed_0002/run_config.yaml,35e9d9723a93ce778e20a01f1f88882c14f85a1db01329f7bb43f03ea84af344,/Users/alex/Library/CloudStorage/OneDrive-VrijeUniversiteitBrussel/Documenten/VUB/MA IW/Master Thesis/model_v3/model_v3/experiments/scenario_tree/runs/baseline_1981_2005__historical__tech_current_stock__seed_0002/inputs_manifest.yaml,ac6259e97a4894a5bbeefba79ae2b291f3e2afce289ef3bd703366af6ef7da64,/Users/alex/Library/CloudStorage/OneDrive-VrijeUniversiteitBrussel/Documenten/VUB/MA IW/Master Thesis/model_v3/inputs/climate/processed/baseline/weather_baseline_historical_cnrm_cerfacs_cm5_cnrm_aladin63_r1i1p1.csv,f8be1b33bb27df03d8f68691b0e76e08f78a2b4e2ae07b11612e8cbad8509dab,/Users/alex/Library/CloudStorage/OneDrive-VrijeUniversiteitBrussel/Documenten/VUB/MA IW/Master Thesis/model_v3/config/model_v3/belgian_technology_inputs.yaml,88d547610d047d0b2b5e0f4af6d48005f265ca5dbe43a8a86cd01413ddf2a34c,2,100,model_v3.unversioned,/Users/alex/Library/CloudStorage/OneDrive-VrijeUniversiteitBrussel/Documenten/VUB/MA IW/Master Thesis/model_v3/model_v3/experiments/scenario_tree/runs/baseline_1981_2005__historical__tech_current_stock__seed_0002/outputs,/Users/alex/Library/CloudStorage/OneDrive-VrijeUniversiteitBrussel/Documenten/VUB/MA IW/Master Thesis/model_v3/model_v3/experiments/scenario_tree/runs/baseline_1981_2005__historical__tech_current_stock__seed_0002/logs/attempts/baseline_1981_2005__historical__tech_current_stock__seed_0002__attempt_20260509T114002+0000Z,,
baseline_1981_2005__historical__tech_current_stock__seed_0000__attempt_20260509T115044Z,baseline_1981_2005__historical__tech_current_stock__seed_0000,baseline_1981_2005__historical__tech_current_stock,baseline_1981_2005,historical,tech_current_stock,seed_0000,2026-05-09T11:50:44Z,2026-05-09T11:50:50Z,5.755,success,,,,/Users/alex/Library/CloudStorage/OneDrive-VrijeUniversiteitBrussel/Documenten/VUB/MA IW/Master Thesis/model_v3/model_v3/experiments/scenario_tree/runs/baseline_1981_2005__historical__tech_current_stock__seed_0000/run_config.yaml,8ffac28a0321a0fe14fa4a07a26113e01519d92e70936d45dfc201405acd7e45,/Users/alex/Library/CloudStorage/OneDrive-VrijeUniversiteitBrussel/Documenten/VUB/MA IW/Master Thesis/model_v3/model_v3/experiments/scenario_tree/runs/baseline_1981_2005__historical__tech_current_stock__seed_0000/inputs_manifest.yaml,50fd298cfb9fdaed9afd70a5126cd865a08bc80e7dd4ef7aed77018ae2532535,/Users/alex/Library/CloudStorage/OneDrive-VrijeUniversiteitBrussel/Documenten/VUB/MA IW/Master Thesis/model_v3/inputs/climate/processed/baseline/weather_baseline_historical_cnrm_cerfacs_cm5_cnrm_aladin63_r1i1p1.csv,f8be1b33bb27df03d8f68691b0e76e08f78a2b4e2ae07b11612e8cbad8509dab,/Users/alex/Library/CloudStorage/OneDrive-VrijeUniversiteitBrussel/Documenten/VUB/MA IW/Master Thesis/model_v3/config/model_v3/belgian_technology_inputs.yaml,88d547610d047d0b2b5e0f4af6d48005f265ca5dbe43a8a86cd01413ddf2a34c,0,100,model_v3.unversioned,/Users/alex/Library/CloudStorage/OneDrive-VrijeUniversiteitBrussel/Documenten/VUB/MA IW/Master Thesis/model_v3/model_v3/experiments/scenario_tree/runs/baseline_1981_2005__historical__tech_current_stock__seed_0000/outputs,/Users/alex/Library/CloudStorage/OneDrive-VrijeUniversiteitBrussel/Documenten/VUB/MA IW/Master Thesis/model_v3/model_v3/experiments/scenario_tree/runs/baseline_1981_2005__historical__tech_current_stock__seed_0000/logs/attempts/baseline_1981_2005__historical__tech_current_stock__seed_0000__attempt_20260509T115044Z,,
mid_century_2050_2070__rcp_8_5__tech_high_electrification_pv_ev__seed_0000__attempt_20260509T115055Z,mid_century_2050_2070__rcp_8_5__tech_high_electrification_pv_ev__seed_0000,mid_century_2050_2070__rcp_8_5__tech_high_electrification_pv_ev,mid_century_2050_2070,rcp_8_5,tech_high_electrification_pv_ev,seed_0000,2026-05-09T11:50:55Z,2026-05-09T11:51:00Z,5.183,success,,,,/Users/alex/Library/CloudStorage/OneDrive-VrijeUniversiteitBrussel/Documenten/VUB/MA IW/Master Thesis/model_v3/model_v3/experiments/scenario_tree/runs/mid_century_2050_2070__rcp_8_5__tech_high_electrification_pv_ev__seed_0000/run_config.yaml,abd1140b3ee0d4ec2b518a4eee57a2766f8c47db02570cc0ff48c78631ef37ee,/Users/alex/Library/CloudStorage/OneDrive-VrijeUniversiteitBrussel/Documenten/VUB/MA IW/Master Thesis/model_v3/model_v3/experiments/scenario_tree/runs/mid_century_2050_2070__rcp_8_5__tech_high_electrification_pv_ev__seed_0000/inputs_manifest.yaml,e8d6a6eeb3471714e4f99c6414e976c1fe7a5b63bf3e1e1c9db3224658c6f946,/Users/alex/Library/CloudStorage/OneDrive-VrijeUniversiteitBrussel/Documenten/VUB/MA IW/Master Thesis/model_v3/inputs/climate/processed/mid_century/weather_mid_century_rcp_8_5_cnrm_cerfacs_cm5_cnrm_aladin63_r1i1p1.csv,c6d4f900f6d40fb3c4416579a1bce6ca1849b54409eece60b8f259f3d9c01916,/Users/alex/Library/CloudStorage/OneDrive-VrijeUniversiteitBrussel/Documenten/VUB/MA IW/Master Thesis/model_v3/config/model_v3/belgian_technology_inputs.yaml,88d547610d047d0b2b5e0f4af6d48005f265ca5dbe43a8a86cd01413ddf2a34c,0,100,model_v3.unversioned,/Users/alex/Library/CloudStorage/OneDrive-VrijeUniversiteitBrussel/Documenten/VUB/MA IW/Master Thesis/model_v3/model_v3/experiments/scenario_tree/runs/mid_century_2050_2070__rcp_8_5__tech_high_electrification_pv_ev__seed_0000/outputs,/Users/alex/Library/CloudStorage/OneDrive-VrijeUniversiteitBrussel/Documenten/VUB/MA IW/Master Thesis/model_v3/model_v3/experiments/scenario_tree/runs/mid_century_2050_2070__rcp_8_5__tech_high_electrification_pv_ev__seed_0000/logs/attempts/mid_century_2050_2070__rcp_8_5__tech_high_electrification_pv_ev__seed_0000__attempt_20260509T115055Z,,
baseline_1981_2005__historical__tech_current_stock__seed_0000__attempt_20260511T172015Z,baseline_1981_2005__historical__tech_current_stock__seed_0000,baseline_1981_2005__historical__tech_current_stock,baseline_1981_2005,historical,tech_current_stock,seed_0000,2026-05-11T17:20:15Z,2026-05-11T17:20:21Z,5.625,success,,,,/Users/alex/Library/CloudStorage/OneDrive-VrijeUniversiteitBrussel/Documenten/VUB/MA IW/Master Thesis/model_v3/model_v3/experiments/scenario_tree/runs/baseline_1981_2005__historical__tech_current_stock__seed_0000/run_config.yaml,8ffac28a0321a0fe14fa4a07a26113e01519d92e70936d45dfc201405acd7e45,/Users/alex/Library/CloudStorage/OneDrive-VrijeUniversiteitBrussel/Documenten/VUB/MA IW/Master Thesis/model_v3/model_v3/experiments/scenario_tree/runs/baseline_1981_2005__historical__tech_current_stock__seed_0000/inputs_manifest.yaml,50fd298cfb9fdaed9afd70a5126cd865a08bc80e7dd4ef7aed77018ae2532535,/Users/alex/Library/CloudStorage/OneDrive-VrijeUniversiteitBrussel/Documenten/VUB/MA IW/Master Thesis/model_v3/inputs/climate/processed/baseline/weather_baseline_historical_cnrm_cerfacs_cm5_cnrm_aladin63_r1i1p1.csv,f8be1b33bb27df03d8f68691b0e76e08f78a2b4e2ae07b11612e8cbad8509dab,/Users/alex/Library/CloudStorage/OneDrive-VrijeUniversiteitBrussel/Documenten/VUB/MA IW/Master Thesis/model_v3/config/model_v3/belgian_technology_inputs.yaml,88d547610d047d0b2b5e0f4af6d48005f265ca5dbe43a8a86cd01413ddf2a34c,0,100,model_v3.unversioned,/Users/alex/Library/CloudStorage/OneDrive-VrijeUniversiteitBrussel/Documenten/VUB/MA IW/Master Thesis/model_v3/model_v3/experiments/scenario_tree/runs/baseline_1981_2005__historical__tech_current_stock__seed_0000/outputs,/Users/alex/Library/CloudStorage/OneDrive-VrijeUniversiteitBrussel/Documenten/VUB/MA IW/Master Thesis/model_v3/model_v3/experiments/scenario_tree/runs/baseline_1981_2005__historical__tech_current_stock__seed_0000/logs/attempts/baseline_1981_2005__historical__tech_current_stock__seed_0000__attempt_20260511T172015Z,,
baseline_1981_2005__historical__tech_current_stock__seed_0001__attempt_20260511T172026Z,baseline_1981_2005__historical__tech_current_stock__seed_0001,baseline_1981_2005__historical__tech_current_stock,baseline_1981_2005,historical,tech_current_stock,seed_0001,2026-05-11T17:20:26Z,2026-05-11T17:20:31Z,4.894,success,,,,/Users/alex/Library/CloudStorage/OneDrive-VrijeUniversiteitBrussel/Documenten/VUB/MA IW/Master Thesis/model_v3/model_v3/experiments/scenario_tree/runs/baseline_1981_2005__historical__tech_current_stock__seed_0001/run_config.yaml,90b6d3e8d6dfc87c2c85ee1972039c4610e456f19863f39d171007e5f07713fe,/Users/alex/Library/CloudStorage/OneDrive-VrijeUniversiteitBrussel/Documenten/VUB/MA IW/Master Thesis/model_v3/model_v3/experiments/scenario_tree/runs/baseline_1981_2005__historical__tech_current_stock__seed_0001/inputs_manifest.yaml,95988d7422532de4d21040fcbaea890ad8ea24130229540467318f1377382bf2,/Users/alex/Library/CloudStorage/OneDrive-VrijeUniversiteitBrussel/Documenten/VUB/MA IW/Master Thesis/model_v3/inputs/climate/processed/baseline/weather_baseline_historical_cnrm_cerfacs_cm5_cnrm_aladin63_r1i1p1.csv,f8be1b33bb27df03d8f68691b0e76e08f78a2b4e2ae07b11612e8cbad8509dab,/Users/alex/Library/CloudStorage/OneDrive-VrijeUniversiteitBrussel/Documenten/VUB/MA IW/Master Thesis/model_v3/config/model_v3/belgian_technology_inputs.yaml,88d547610d047d0b2b5e0f4af6d48005f265ca5dbe43a8a86cd01413ddf2a34c,1,100,model_v3.unversioned,/Users/alex/Library/CloudStorage/OneDrive-VrijeUniversiteitBrussel/Documenten/VUB/MA IW/Master Thesis/model_v3/model_v3/experiments/scenario_tree/runs/baseline_1981_2005__historical__tech_current_stock__seed_0001/outputs,/Users/alex/Library/CloudStorage/OneDrive-VrijeUniversiteitBrussel/Documenten/VUB/MA IW/Master Thesis/model_v3/model_v3/experiments/scenario_tree/runs/baseline_1981_2005__historical__tech_current_stock__seed_0001/logs/attempts/baseline_1981_2005__historical__tech_current_stock__seed_0001__attempt_20260511T172026Z,,
baseline_1981_2005__historical__tech_current_stock__seed_0002__attempt_20260511T172037Z,baseline_1981_2005__historical__tech_current_stock__seed_0002,baseline_1981_2005__historical__tech_current_stock,baseline_1981_2005,historical,tech_current_stock,seed_0002,2026-05-11T17:20:37Z,2026-05-11T17:20:42Z,5.587,success,,,,/Users/alex/Library/CloudStorage/OneDrive-VrijeUniversiteitBrussel/Documenten/VUB/MA IW/Master Thesis/model_v3/model_v3/experiments/scenario_tree/runs/baseline_1981_2005__historical__tech_current_stock__seed_0002/run_config.yaml,35e9d9723a93ce778e20a01f1f88882c14f85a1db01329f7bb43f03ea84af344,/Users/alex/Library/CloudStorage/OneDrive-VrijeUniversiteitBrussel/Documenten/VUB/MA IW/Master Thesis/model_v3/model_v3/experiments/scenario_tree/runs/baseline_1981_2005__historical__tech_current_stock__seed_0002/inputs_manifest.yaml,ac6259e97a4894a5bbeefba79ae2b291f3e2afce289ef3bd703366af6ef7da64,/Users/alex/Library/CloudStorage/OneDrive-VrijeUniversiteitBrussel/Documenten/VUB/MA IW/Master Thesis/model_v3/inputs/climate/processed/baseline/weather_baseline_historical_cnrm_cerfacs_cm5_cnrm_aladin63_r1i1p1.csv,f8be1b33bb27df03d8f68691b0e76e08f78a2b4e2ae07b11612e8cbad8509dab,/Users/alex/Library/CloudStorage/OneDrive-VrijeUniversiteitBrussel/Documenten/VUB/MA IW/Master Thesis/model_v3/config/model_v3/belgian_technology_inputs.yaml,88d547610d047d0b2b5e0f4af6d48005f265ca5dbe43a8a86cd01413ddf2a34c,2,100,model_v3.unversioned,/Users/alex/Library/CloudStorage/OneDrive-VrijeUniversiteitBrussel/Documenten/VUB/MA IW/Master Thesis/model_v3/model_v3/experiments/scenario_tree/runs/baseline_1981_2005__historical__tech_current_stock__seed_0002/outputs,/Users/alex/Library/CloudStorage/OneDrive-VrijeUniversiteitBrussel/Documenten/VUB/MA IW/Master Thesis/model_v3/model_v3/experiments/scenario_tree/runs/baseline_1981_2005__historical__tech_current_stock__seed_0002/logs/attempts/baseline_1981_2005__historical__tech_current_stock__seed_0002__attempt_20260511T172037Z,,
mid_century_2050_2070__rcp_8_5__tech_high_electrification_pv_ev__seed_0000__attempt_20260511T172048Z,mid_century_2050_2070__rcp_8_5__tech_high_electrification_pv_ev__seed_0000,mid_century_2050_2070__rcp_8_5__tech_high_electrification_pv_ev,mid_century_2050_2070,rcp_8_5,tech_high_electrification_pv_ev,seed_0000,2026-05-11T17:20:48Z,2026-05-11T17:20:53Z,5.428,success,,,,/Users/alex/Library/CloudStorage/OneDrive-VrijeUniversiteitBrussel/Documenten/VUB/MA IW/Master Thesis/model_v3/model_v3/experiments/scenario_tree/runs/mid_century_2050_2070__rcp_8_5__tech_high_electrification_pv_ev__seed_0000/run_config.yaml,abd1140b3ee0d4ec2b518a4eee57a2766f8c47db02570cc0ff48c78631ef37ee,/Users/alex/Library/CloudStorage/OneDrive-VrijeUniversiteitBrussel/Documenten/VUB/MA IW/Master Thesis/model_v3/model_v3/experiments/scenario_tree/runs/mid_century_2050_2070__rcp_8_5__tech_high_electrification_pv_ev__seed_0000/inputs_manifest.yaml,e8d6a6eeb3471714e4f99c6414e976c1fe7a5b63bf3e1e1c9db3224658c6f946,/Users/alex/Library/CloudStorage/OneDrive-VrijeUniversiteitBrussel/Documenten/VUB/MA IW/Master Thesis/model_v3/inputs/climate/processed/mid_century/weather_mid_century_rcp_8_5_cnrm_cerfacs_cm5_cnrm_aladin63_r1i1p1.csv,c6d4f900f6d40fb3c4416579a1bce6ca1849b54409eece60b8f259f3d9c01916,/Users/alex/Library/CloudStorage/OneDrive-VrijeUniversiteitBrussel/Documenten/VUB/MA IW/Master Thesis/model_v3/config/model_v3/belgian_technology_inputs.yaml,88d547610d047d0b2b5e0f4af6d48005f265ca5dbe43a8a86cd01413ddf2a34c,0,100,model_v3.unversioned,/Users/alex/Library/CloudStorage/OneDrive-VrijeUniversiteitBrussel/Documenten/VUB/MA IW/Master Thesis/model_v3/model_v3/experiments/scenario_tree/runs/mid_century_2050_2070__rcp_8_5__tech_high_electrification_pv_ev__seed_0000/outputs,/Users/alex/Library/CloudStorage/OneDrive-VrijeUniversiteitBrussel/Documenten/VUB/MA IW/Master Thesis/model_v3/model_v3/experiments/scenario_tree/runs/mid_century_2050_2070__rcp_8_5__tech_high_electrification_pv_ev__seed_0000/logs/attempts/mid_century_2050_2070__rcp_8_5__tech_high_electrification_pv_ev__seed_0000__attempt_20260511T172048Z,,
