scenario_id,climate_window_id,climate_pathway_id,technology_case_id,year,n_successful_realizations,mean_T_out_C,mean_T_out_C_median,winter_mean_T_out_C,winter_mean_T_out_C_median,summer_mean_T_out_C,summer_mean_T_out_C_median,HDD_15,HDD_15_median,HDD_18,HDD_18_median,CDD_22,CDD_22_median,mean_solar_W_m2,mean_solar_W_m2_median
baseline_1981_2005__historical__tech_current_stock,baseline_1981_2005,historical,tech_current_stock,1981,4,8.976870434904752,8.976870434904752,2.7202022976345486,2.7202022976345486,16.844582599142324,16.844582599142324,2458.595916748047,2458.595916748047,3366.0330505371094,3366.0330505371094,4.648223876953125,4.648223876953125,132.70395171283042,132.70395171283042
baseline_1981_2005__historical__tech_current_stock,baseline_1981_2005,historical,tech_current_stock,1982,4,7.488470291764769,7.488470291764769,-0.6227332221137153,-0.6227332221137153,16.04076518183169,16.04076518183169,2897.051727294922,2897.051727294922,3874.084747314453,3874.084747314453,0.76043701171875,0.76043701171875,125.37645339181978,125.37645339181978
baseline_1981_2005__historical__tech_current_stock,baseline_1981_2005,historical,tech_current_stock,1983,4,10.044780992481806,10.044780992481806,3.929487101236979,3.929487101236979,17.072453042735223,17.072453042735223,2074.488555908203,2074.488555908203,3015.471221923828,3015.471221923828,32.385101318359375,32.385101318359375,135.10285618533828,135.10285618533828
baseline_1981_2005__historical__tech_current_stock,baseline_1981_2005,historical,tech_current_stock,1984,4,8.893863031772968,8.893863031772968,3.973779028588599,3.973779028588599,16.544601772142492,16.544601772142492,2448.77783203125,2448.77783203125,3397.1371154785156,3397.1371154785156,5.150299072265625,5.150299072265625,134.97375473950078,134.97375473950078
baseline_1981_2005__historical__tech_current_stock,baseline_1981_2005,historical,tech_current_stock,1985,4,8.097465452429367,8.097465452429367,-0.3769717746310764,-0.3769717746310764,16.43735305122707,16.43735305122707,2721.2808227539062,2721.2808227539062,3666.4652709960938,3666.4652709960938,0.536895751953125,0.536895751953125,134.3827219192296,134.3827219192296
baseline_1981_2005__historical__tech_current_stock,baseline_1981_2005,historical,tech_current_stock,1986,4,8.810493197506421,8.810493197506421,2.986555989583333,2.986555989583333,16.414767389712125,16.414767389712125,2452.6876220703125,2452.6876220703125,3415.990936279297,3415.990936279297,11.260009765625,11.260009765625,133.67980847293384,133.67980847293384
baseline_1981_2005__historical__tech_current_stock,baseline_1981_2005,historical,tech_current_stock,1987,4,8.532001735739511,8.532001735739511,1.7252499050564236,1.7252499050564236,14.827346138332201,14.827346138332201,2439.6040649414062,2439.6040649414062,3470.272735595703,3470.272735595703,0.0,0.0,132.73575204561834,132.73575204561834
baseline_1981_2005__historical__tech_current_stock,baseline_1981_2005,historical,tech_current_stock,1988,4,8.918542747289106,8.918542747289106,2.3295623443938873,2.3295623443938873,16.785784845766813,16.785784845766813,2474.8794860839844,2474.8794860839844,3416.6873779296875,3416.6873779296875,23.316436767578125,23.316436767578125,135.1548151370606,135.1548151370606
baseline_1981_2005__historical__tech_current_stock,baseline_1981_2005,historical,tech_current_stock,1989,4,9.733255381126927,9.733255381126927,3.2514339870876734,3.2514339870876734,17.94324029010275,17.94324029010275,2243.4075317382812,2243.4075317382812,3114.858917236328,3114.858917236328,5.232269287109375,5.232269287109375,143.74793226816882,143.74793226816882
baseline_1981_2005__historical__tech_current_stock,baseline_1981_2005,historical,tech_current_stock,1990,4,8.923933556961687,8.923933556961687,2.60333489312066,2.60333489312066,15.725858937139096,15.725858937139096,2376.590057373047,2376.590057373047,3349.9651794433594,3349.9651794433594,2.27081298828125,2.27081298828125,132.4130215370492,132.4130215370492
baseline_1981_2005__historical__tech_current_stock,baseline_1981_2005,historical,tech_current_stock,1991,4,8.950052506956336,8.950052506956336,3.429946560329861,3.429946560329861,15.874760835067086,15.874760835067086,2369.1568908691406,2369.1568908691406,3330.677032470703,3330.677032470703,0.0,0.0,129.28797439549066,129.28797439549066
baseline_1981_2005__historical__tech_current_stock,baseline_1981_2005,historical,tech_current_stock,1992,4,8.100528904649078,8.100528904649078,-0.8090377639938187,-0.8090377639938187,17.10126827074134,17.10126827074134,2780.544219970703,2780.544219970703,3695.389862060547,3695.389862060547,2.455322265625,2.455322265625,134.77248117181122,134.77248117181122
baseline_1981_2005__historical__tech_current_stock,baseline_1981_2005,historical,tech_current_stock,1993,4,8.7662299169253,8.7662299169253,3.711197238498264,3.711197238498264,15.643621361773947,15.643621361773947,2412.7186584472656,2412.7186584472656,3402.4373168945312,3402.4373168945312,0.300018310546875,0.300018310546875,135.43278371471249,135.43278371471249
baseline_1981_2005__historical__tech_current_stock,baseline_1981_2005,historical,tech_current_stock,1994,4,8.541811673935145,8.541811673935145,1.9391330295138889,1.9391330295138889,16.71574202827785,16.71574202827785,2573.996307373047,2573.996307373047,3537.574188232422,3537.574188232422,16.541534423828125,16.541534423828125,132.11664007787834,132.11664007787834
baseline_1981_2005__historical__tech_current_stock,baseline_1981_2005,historical,tech_current_stock,1995,4,9.193843726589256,9.193843726589256,2.6712910970052084,2.6712910970052084,17.726187332816746,17.726187332816746,2431.7122192382812,2431.7122192382812,3346.7647399902344,3346.7647399902344,32.656219482421875,32.656219482421875,134.54270765487462,134.54270765487462
baseline_1981_2005__historical__tech_current_stock,baseline_1981_2005,historical,tech_current_stock,1996,4,9.397000005336407,9.397000005336407,2.173741267277644,2.173741267277644,19.122271330460258,19.122271330460258,2468.8156127929688,2468.8156127929688,3335.9938354492188,3335.9938354492188,30.474853515625,30.474853515625,139.39167632952413,139.39167632952413
baseline_1981_2005__historical__tech_current_stock,baseline_1981_2005,historical,tech_current_stock,1997,4,9.44325034781678,9.44325034781678,2.256667073567708,2.256667073567708,17.4435570758322,17.4435570758322,2326.284149169922,2326.284149169922,3241.8803100585938,3241.8803100585938,24.698089599609375,24.698089599609375,132.2596705658795,132.2596705658795
baseline_1981_2005__historical__tech_current_stock,baseline_1981_2005,historical,tech_current_stock,1998,4,8.753989358144263,8.753989358144263,1.160530259874132,1.160530259874132,16.000126050866168,16.000126050866168,2525.0164184570312,2525.0164184570312,3473.1974182128906,3473.1974182128906,5.672027587890625,5.672027587890625,134.46626910510128,134.46626910510128
baseline_1981_2005__historical__tech_current_stock,baseline_1981_2005,historical,tech_current_stock,1999,4,9.917330221933861,9.917330221933861,3.662649875217014,3.662649875217014,16.720694832179856,16.720694832179856,2142.322021484375,2142.322021484375,3025.8927001953125,3025.8927001953125,8.172210693359375,8.172210693359375,137.63086541384868,137.63086541384868
baseline_1981_2005__historical__tech_current_stock,baseline_1981_2005,historical,tech_current_stock,2000,4,10.208897658384563,10.208897658384563,2.979412372295673,2.979412372295673,19.20939768915591,19.20939768915591,2243.8782348632812,2243.8782348632812,3077.7515869140625,3077.7515869140625,36.993194580078125,36.993194580078125,141.7735541609467,141.7735541609467
baseline_1981_2005__historical__tech_current_stock,baseline_1981_2005,historical,tech_current_stock,2001,4,8.907130494836258,8.907130494836258,3.9688418918185766,3.9688418918185766,16.481248606806215,16.481248606806215,2455.2506103515625,2455.2506103515625,3434.753875732422,3434.753875732422,27.92822265625,27.92822265625,132.1494895634586,132.1494895634586
baseline_1981_2005__historical__tech_current_stock,baseline_1981_2005,historical,tech_current_stock,2002,4,9.068509203767123,9.068509203767123,2.247616238064236,2.247616238064236,15.960043202275815,15.960043202275815,2367.1705322265625,2367.1705322265625,3311.062042236328,3311.062042236328,0.0,0.0,135.08435205172185,135.08435205172185
baseline_1981_2005__historical__tech_current_stock,baseline_1981_2005,historical,tech_current_stock,2003,4,9.832557824539812,9.832557824539812,4.76087646484375,4.76087646484375,18.05503911557405,18.05503911557405,2202.566650390625,2202.566650390625,3104.556854248047,3104.556854248047,29.885986328125,29.885986328125,133.98753777072855,133.98753777072855
baseline_1981_2005__historical__tech_current_stock,baseline_1981_2005,historical,tech_current_stock,2004,4,10.589833243948515,10.589833243948515,3.7839331993689904,3.7839331993689904,19.689220926036004,19.689220926036004,2076.047637939453,2076.047637939453,2920.589813232422,2920.589813232422,47.8238525390625,47.8238525390625,141.8513573141046,141.8513573141046
baseline_1981_2005__historical__tech_current_stock,baseline_1981_2005,historical,tech_current_stock,2005,4,9.442129892845676,9.442129892845676,3.81219719780816,3.81219719780816,16.91015326458475,16.91015326458475,2250.043182373047,2250.043182373047,3198.1558837890625,3198.1558837890625,8.61029052734375,8.61029052734375,137.7654826791319,137.7654826791319
mid_century_2050_2070__rcp_8_5__tech_high_electrification_pv_ev,mid_century_2050_2070,rcp_8_5,tech_high_electrification_pv_ev,2050,1,12.293562045162671,12.293562045162671,5.539159478081597,5.539159478081597,21.849355614703633,21.849355614703633,1729.2892456054688,1729.2892456054688,2514.8980712890625,2514.8980712890625,146.7569580078125,146.7569580078125,153.84123928122324,153.84123928122324
mid_century_2050_2070__rcp_8_5__tech_high_electrification_pv_ev,mid_century_2050_2070,rcp_8_5,tech_high_electrification_pv_ev,2051,1,10.038696707111516,10.038696707111516,4.371810234917534,4.371810234917534,15.85019186268682,15.85019186268682,2013.1947021484375,2013.1947021484375,2964.962921142578,2964.962921142578,5.156097412109375,5.156097412109375,140.95219174999082,140.95219174999082
mid_century_2050_2070__rcp_8_5__tech_high_electrification_pv_ev,mid_century_2050_2070,rcp_8_5,tech_high_electrification_pv_ev,2052,1,11.272496708103867,11.272496708103867,6.200945508349073,6.200945508349073,17.450528020444125,17.450528020444125,1684.8922119140625,1684.8922119140625,2570.441375732422,2570.441375732422,3.908538818359375,3.908538818359375,141.65719382880164,141.65719382880164
mid_century_2050_2070__rcp_8_5__tech_high_electrification_pv_ev,mid_century_2050_2070,rcp_8_5,tech_high_electrification_pv_ev,2053,1,10.787706516213612,10.787706516213612,2.376877170138889,2.376877170138889,20.074136485224184,20.074136485224184,2140.971649169922,2140.971649169922,2918.369110107422,2918.369110107422,55.08184814453125,55.08184814453125,146.84871377422385,146.84871377422385
mid_century_2050_2070__rcp_8_5__tech_high_electrification_pv_ev,mid_century_2050_2070,rcp_8_5,tech_high_electrification_pv_ev,2054,1,11.11795980375107,11.11795980375107,2.1565599229600694,2.1565599229600694,21.37166164232337,21.37166164232337,2175.6454467773438,2175.6454467773438,2938.5300903320312,2938.5300903320312,150.0299072265625,150.0299072265625,148.5630897639549,148.5630897639549
mid_century_2050_2070__rcp_8_5__tech_high_electrification_pv_ev,mid_century_2050_2070,rcp_8_5,tech_high_electrification_pv_ev,2055,1,10.807736415079194,10.807736415079194,4.9356055365668405,4.9356055365668405,18.1609002818232,18.1609002818232,1894.3068542480469,1894.3068542480469,2784.00634765625,2784.00634765625,38.2681884765625,38.2681884765625,138.26281626061217,138.26281626061217
mid_century_2050_2070__rcp_8_5__tech_high_electrification_pv_ev,mid_century_2050_2070,rcp_8_5,tech_high_electrification_pv_ev,2056,1,11.377889414302638,11.377889414302638,4.109731820913462,4.109731820913462,19.827489438264266,19.827489438264266,1798.9533386230469,1798.9533386230469,2648.0050048828125,2648.0050048828125,68.60498046875,68.60498046875,144.66256358323852,144.66256358323852
mid_century_2050_2070__rcp_8_5__tech_high_electrification_pv_ev,mid_century_2050_2070,rcp_8_5,tech_high_electrification_pv_ev,2057,1,10.777230793156036,10.777230793156036,4.6043212890625,4.6043212890625,17.80545641028363,17.80545641028363,1859.597412109375,1859.597412109375,2742.9366455078125,2742.9366455078125,20.0772705078125,20.0772705078125,137.43675125069814,137.43675125069814
mid_century_2050_2070__rcp_8_5__tech_high_electrification_pv_ev,mid_century_2050_2070,rcp_8_5,tech_high_electrification_pv_ev,2058,1,10.786112829757064,10.786112829757064,5.184666273328993,5.184666273328993,17.566151826278023,17.566151826278023,1903.2242431640625,1903.2242431640625,2795.9749755859375,2795.9749755859375,56.49658203125,56.49658203125,140.89261860782153,140.89261860782153
mid_century_2050_2070__rcp_8_5__tech_high_electrification_pv_ev,mid_century_2050_2070,rcp_8_5,tech_high_electrification_pv_ev,2059,1,11.21696668651006,11.21696668651006,3.62878180609809,3.62878180609809,19.217181993567426,19.217181993567426,1898.7177429199219,1898.7177429199219,2688.6373291015625,2688.6373291015625,47.91705322265625,47.91705322265625,144.95181739885513,144.95181739885513
mid_century_2050_2070__rcp_8_5__tech_high_electrification_pv_ev,mid_century_2050_2070,rcp_8_5,tech_high_electrification_pv_ev,2060,1,10.323996205147498,10.323996205147498,4.626411857185783,4.626411857185783,17.840115091075067,17.840115091075067,2036.9015502929688,2036.9015502929688,2905.1744689941406,2905.1744689941406,5.840301513671875,5.840301513671875,142.58302267783327,142.58302267783327
mid_century_2050_2070__rcp_8_5__tech_high_electrification_pv_ev,mid_century_2050_2070,rcp_8_5,tech_high_electrification_pv_ev,2061,1,10.909815289223031,10.909815289223031,3.1440765380859377,3.1440765380859377,19.31014417565387,19.31014417565387,1910.23388671875,1910.23388671875,2771.173309326172,2771.173309326172,39.878936767578125,39.878936767578125,136.72667062576502,136.72667062576502
mid_century_2050_2070__rcp_8_5__tech_high_electrification_pv_ev,mid_century_2050_2070,rcp_8_5,tech_high_electrification_pv_ev,2062,1,11.51053140718643,11.51053140718643,4.496314493815104,4.496314493815104,19.99962748651919,19.99962748651919,1890.5678405761719,1890.5678405761719,2656.7236328125,2656.7236328125,48.650634765625,48.650634765625,143.28623657095923,143.28623657095923
mid_century_2050_2070__rcp_8_5__tech_high_electrification_pv_ev,mid_century_2050_2070,rcp_8_5,tech_high_electrification_pv_ev,2063,1,11.495550202670163,11.495550202670163,5.362567138671875,5.362567138671875,19.47748963729195,19.47748963729195,1774.1464233398438,1774.1464233398438,2566.8564453125,2566.8564453125,48.41912841796875,48.41912841796875,145.93549164288663,145.93549164288663
mid_century_2050_2070__rcp_8_5__tech_high_electrification_pv_ev,mid_century_2050_2070,rcp_8_5,tech_high_electrification_pv_ev,2064,1,11.113573668433018,11.113573668433018,4.428337013328468,4.428337013328468,17.506868777067766,17.506868777067766,1760.5465087890625,1760.5465087890625,2642.1717834472656,2642.1717834472656,23.048065185546875,23.048065185546875,136.9244179921072,136.9244179921072
mid_century_2050_2070__rcp_8_5__tech_high_electrification_pv_ev,mid_century_2050_2070,rcp_8_5,tech_high_electrification_pv_ev,2065,1,12.534547654243365,12.534547654243365,4.394066026475694,4.394066026475694,23.841077721637227,23.841077721637227,1859.6383361816406,1859.6383361816406,2601.7429809570312,2601.7429809570312,283.88714599609375,283.88714599609375,151.48394661864188,151.48394661864188
mid_century_2050_2070__rcp_8_5__tech_high_electrification_pv_ev,mid_century_2050_2070,rcp_8_5,tech_high_electrification_pv_ev,2066,1,10.960766768782106,10.960766768782106,2.934786309136285,2.934786309136285,19.211950882621434,19.211950882621434,2023.1064758300781,2023.1064758300781,2801.901641845703,2801.901641845703,40.799652099609375,40.799652099609375,151.9364080337629,151.9364080337629
mid_century_2050_2070__rcp_8_5__tech_high_electrification_pv_ev,mid_century_2050_2070,rcp_8_5,tech_high_electrification_pv_ev,2067,1,10.640153189881207,10.640153189881207,5.228006659613715,5.228006659613715,19.019103672193445,19.019103672193445,2034.8280334472656,2034.8280334472656,2855.3016967773438,2855.3016967773438,16.4296875,16.4296875,144.3842621894732,144.3842621894732
mid_century_2050_2070__rcp_8_5__tech_high_electrification_pv_ev,mid_century_2050_2070,rcp_8_5,tech_high_electrification_pv_ev,2068,1,11.376900761505294,11.376900761505294,4.490320562006353,4.490320562006353,18.835289001464844,18.835289001464844,1771.015380859375,1771.015380859375,2616.8182067871094,2616.8182067871094,41.9276123046875,41.9276123046875,140.6836649928588,140.6836649928588
mid_century_2050_2070__rcp_8_5__tech_high_electrification_pv_ev,mid_century_2050_2070,rcp_8_5,tech_high_electrification_pv_ev,2069,1,11.732597037537458,11.732597037537458,5.026241726345486,5.026241726345486,18.899585226307746,18.899585226307746,1726.1466369628906,1726.1466369628906,2535.416778564453,2535.416778564453,63.24761962890625,63.24761962890625,143.4225423224985,143.4225423224985
mid_century_2050_2070__rcp_8_5__tech_high_electrification_pv_ev,mid_century_2050_2070,rcp_8_5,tech_high_electrification_pv_ev,2070,1,11.384159035878639,11.384159035878639,4.917574734157986,4.917574734157986,18.46071591584579,18.46071591584579,1736.7444763183594,1736.7444763183594,2550.2470092773438,2550.2470092773438,33.739990234375,33.739990234375,147.380348278725,147.380348278725
