scenario_leaf_id,scenario_id,climate_window_id,climate_pathway_id,technology_case_id,realization_id,analysis_start,analysis_end,source_file_window,climate_forcing_file,climate_temperature_column,climate_solar_column,year,mean_T_out_C,winter_mean_T_out_C,summer_mean_T_out_C,HDD_15,HDD_18,CDD_22,mean_solar_W_m2
baseline_1981_2005__historical__tech_current_stock__seed_0000,baseline_1981_2005__historical__tech_current_stock,baseline_1981_2005,historical,tech_current_stock,seed_0000,1981-01-01,2005-12-31,1981-2005,/Users/alex/Library/CloudStorage/OneDrive-VrijeUniversiteitBrussel/Documenten/VUB/MA IW/Master Thesis/model_v3/inputs/climate/processed/baseline/weather_baseline_historical_cnrm_cerfacs_cm5_cnrm_aladin63_r1i1p1.csv,T_out_C,I_solar_W_m2,1981,8.976870434904752,2.7202022976345486,16.844582599142324,2458.595916748047,3366.0330505371094,4.648223876953125,132.70395171283042
baseline_1981_2005__historical__tech_current_stock__seed_0000,baseline_1981_2005__historical__tech_current_stock,baseline_1981_2005,historical,tech_current_stock,seed_0000,1981-01-01,2005-12-31,1981-2005,/Users/alex/Library/CloudStorage/OneDrive-VrijeUniversiteitBrussel/Documenten/VUB/MA IW/Master Thesis/model_v3/inputs/climate/processed/baseline/weather_baseline_historical_cnrm_cerfacs_cm5_cnrm_aladin63_r1i1p1.csv,T_out_C,I_solar_W_m2,1982,7.488470291764769,-0.6227332221137153,16.04076518183169,2897.051727294922,3874.084747314453,0.76043701171875,125.37645339181978
baseline_1981_2005__historical__tech_current_stock__seed_0000,baseline_1981_2005__historical__tech_current_stock,baseline_1981_2005,historical,tech_current_stock,seed_0000,1981-01-01,2005-12-31,1981-2005,/Users/alex/Library/CloudStorage/OneDrive-VrijeUniversiteitBrussel/Documenten/VUB/MA IW/Master Thesis/model_v3/inputs/climate/processed/baseline/weather_baseline_historical_cnrm_cerfacs_cm5_cnrm_aladin63_r1i1p1.csv,T_out_C,I_solar_W_m2,1983,10.044780992481806,3.929487101236979,17.072453042735223,2074.488555908203,3015.471221923828,32.385101318359375,135.10285618533828
baseline_1981_2005__historical__tech_current_stock__seed_0000,baseline_1981_2005__historical__tech_current_stock,baseline_1981_2005,historical,tech_current_stock,seed_0000,1981-01-01,2005-12-31,1981-2005,/Users/alex/Library/CloudStorage/OneDrive-VrijeUniversiteitBrussel/Documenten/VUB/MA IW/Master Thesis/model_v3/inputs/climate/processed/baseline/weather_baseline_historical_cnrm_cerfacs_cm5_cnrm_aladin63_r1i1p1.csv,T_out_C,I_solar_W_m2,1984,8.893863031772968,3.973779028588599,16.544601772142492,2448.77783203125,3397.1371154785156,5.150299072265625,134.97375473950078
baseline_1981_2005__historical__tech_current_stock__seed_0000,baseline_1981_2005__historical__tech_current_stock,baseline_1981_2005,historical,tech_current_stock,seed_0000,1981-01-01,2005-12-31,1981-2005,/Users/alex/Library/CloudStorage/OneDrive-VrijeUniversiteitBrussel/Documenten/VUB/MA IW/Master Thesis/model_v3/inputs/climate/processed/baseline/weather_baseline_historical_cnrm_cerfacs_cm5_cnrm_aladin63_r1i1p1.csv,T_out_C,I_solar_W_m2,1985,8.097465452429367,-0.3769717746310764,16.43735305122707,2721.2808227539062,3666.4652709960938,0.536895751953125,134.3827219192296
baseline_1981_2005__historical__tech_current_stock__seed_0000,baseline_1981_2005__historical__tech_current_stock,baseline_1981_2005,historical,tech_current_stock,seed_0000,1981-01-01,2005-12-31,1981-2005,/Users/alex/Library/CloudStorage/OneDrive-VrijeUniversiteitBrussel/Documenten/VUB/MA IW/Master Thesis/model_v3/inputs/climate/processed/baseline/weather_baseline_historical_cnrm_cerfacs_cm5_cnrm_aladin63_r1i1p1.csv,T_out_C,I_solar_W_m2,1986,8.810493197506421,2.986555989583333,16.414767389712125,2452.6876220703125,3415.990936279297,11.260009765625,133.67980847293384
baseline_1981_2005__historical__tech_current_stock__seed_0000,baseline_1981_2005__historical__tech_current_stock,baseline_1981_2005,historical,tech_current_stock,seed_0000,1981-01-01,2005-12-31,1981-2005,/Users/alex/Library/CloudStorage/OneDrive-VrijeUniversiteitBrussel/Documenten/VUB/MA IW/Master Thesis/model_v3/inputs/climate/processed/baseline/weather_baseline_historical_cnrm_cerfacs_cm5_cnrm_aladin63_r1i1p1.csv,T_out_C,I_solar_W_m2,1987,8.532001735739511,1.7252499050564236,14.827346138332201,2439.6040649414062,3470.272735595703,0.0,132.73575204561834
baseline_1981_2005__historical__tech_current_stock__seed_0000,baseline_1981_2005__historical__tech_current_stock,baseline_1981_2005,historical,tech_current_stock,seed_0000,1981-01-01,2005-12-31,1981-2005,/Users/alex/Library/CloudStorage/OneDrive-VrijeUniversiteitBrussel/Documenten/VUB/MA IW/Master Thesis/model_v3/inputs/climate/processed/baseline/weather_baseline_historical_cnrm_cerfacs_cm5_cnrm_aladin63_r1i1p1.csv,T_out_C,I_solar_W_m2,1988,8.918542747289106,2.3295623443938873,16.785784845766813,2474.8794860839844,3416.6873779296875,23.316436767578125,135.1548151370606
baseline_1981_2005__historical__tech_current_stock__seed_0000,baseline_1981_2005__historical__tech_current_stock,baseline_1981_2005,historical,tech_current_stock,seed_0000,1981-01-01,2005-12-31,1981-2005,/Users/alex/Library/CloudStorage/OneDrive-VrijeUniversiteitBrussel/Documenten/VUB/MA IW/Master Thesis/model_v3/inputs/climate/processed/baseline/weather_baseline_historical_cnrm_cerfacs_cm5_cnrm_aladin63_r1i1p1.csv,T_out_C,I_solar_W_m2,1989,9.733255381126927,3.2514339870876734,17.94324029010275,2243.4075317382812,3114.858917236328,5.232269287109375,143.74793226816882
baseline_1981_2005__historical__tech_current_stock__seed_0000,baseline_1981_2005__historical__tech_current_stock,baseline_1981_2005,historical,tech_current_stock,seed_0000,1981-01-01,2005-12-31,1981-2005,/Users/alex/Library/CloudStorage/OneDrive-VrijeUniversiteitBrussel/Documenten/VUB/MA IW/Master Thesis/model_v3/inputs/climate/processed/baseline/weather_baseline_historical_cnrm_cerfacs_cm5_cnrm_aladin63_r1i1p1.csv,T_out_C,I_solar_W_m2,1990,8.923933556961687,2.60333489312066,15.725858937139096,2376.590057373047,3349.9651794433594,2.27081298828125,132.4130215370492
baseline_1981_2005__historical__tech_current_stock__seed_0000,baseline_1981_2005__historical__tech_current_stock,baseline_1981_2005,historical,tech_current_stock,seed_0000,1981-01-01,2005-12-31,1981-2005,/Users/alex/Library/CloudStorage/OneDrive-VrijeUniversiteitBrussel/Documenten/VUB/MA IW/Master Thesis/model_v3/inputs/climate/processed/baseline/weather_baseline_historical_cnrm_cerfacs_cm5_cnrm_aladin63_r1i1p1.csv,T_out_C,I_solar_W_m2,1991,8.950052506956336,3.429946560329861,15.874760835067086,2369.1568908691406,3330.677032470703,0.0,129.28797439549066
baseline_1981_2005__historical__tech_current_stock__seed_0000,baseline_1981_2005__historical__tech_current_stock,baseline_1981_2005,historical,tech_current_stock,seed_0000,1981-01-01,2005-12-31,1981-2005,/Users/alex/Library/CloudStorage/OneDrive-VrijeUniversiteitBrussel/Documenten/VUB/MA IW/Master Thesis/model_v3/inputs/climate/processed/baseline/weather_baseline_historical_cnrm_cerfacs_cm5_cnrm_aladin63_r1i1p1.csv,T_out_C,I_solar_W_m2,1992,8.100528904649078,-0.8090377639938187,17.10126827074134,2780.544219970703,3695.389862060547,2.455322265625,134.77248117181122
baseline_1981_2005__historical__tech_current_stock__seed_0000,baseline_1981_2005__historical__tech_current_stock,baseline_1981_2005,historical,tech_current_stock,seed_0000,1981-01-01,2005-12-31,1981-2005,/Users/alex/Library/CloudStorage/OneDrive-VrijeUniversiteitBrussel/Documenten/VUB/MA IW/Master Thesis/model_v3/inputs/climate/processed/baseline/weather_baseline_historical_cnrm_cerfacs_cm5_cnrm_aladin63_r1i1p1.csv,T_out_C,I_solar_W_m2,1993,8.7662299169253,3.711197238498264,15.643621361773947,2412.7186584472656,3402.4373168945312,0.300018310546875,135.43278371471249
baseline_1981_2005__historical__tech_current_stock__seed_0000,baseline_1981_2005__historical__tech_current_stock,baseline_1981_2005,historical,tech_current_stock,seed_0000,1981-01-01,2005-12-31,1981-2005,/Users/alex/Library/CloudStorage/OneDrive-VrijeUniversiteitBrussel/Documenten/VUB/MA IW/Master Thesis/model_v3/inputs/climate/processed/baseline/weather_baseline_historical_cnrm_cerfacs_cm5_cnrm_aladin63_r1i1p1.csv,T_out_C,I_solar_W_m2,1994,8.541811673935145,1.9391330295138889,16.71574202827785,2573.996307373047,3537.574188232422,16.541534423828125,132.11664007787834
baseline_1981_2005__historical__tech_current_stock__seed_0000,baseline_1981_2005__historical__tech_current_stock,baseline_1981_2005,historical,tech_current_stock,seed_0000,1981-01-01,2005-12-31,1981-2005,/Users/alex/Library/CloudStorage/OneDrive-VrijeUniversiteitBrussel/Documenten/VUB/MA IW/Master Thesis/model_v3/inputs/climate/processed/baseline/weather_baseline_historical_cnrm_cerfacs_cm5_cnrm_aladin63_r1i1p1.csv,T_out_C,I_solar_W_m2,1995,9.193843726589256,2.6712910970052084,17.726187332816746,2431.7122192382812,3346.7647399902344,32.656219482421875,134.54270765487462
baseline_1981_2005__historical__tech_current_stock__seed_0000,baseline_1981_2005__historical__tech_current_stock,baseline_1981_2005,historical,tech_current_stock,seed_0000,1981-01-01,2005-12-31,1981-2005,/Users/alex/Library/CloudStorage/OneDrive-VrijeUniversiteitBrussel/Documenten/VUB/MA IW/Master Thesis/model_v3/inputs/climate/processed/baseline/weather_baseline_historical_cnrm_cerfacs_cm5_cnrm_aladin63_r1i1p1.csv,T_out_C,I_solar_W_m2,1996,9.397000005336407,2.173741267277644,19.122271330460258,2468.8156127929688,3335.9938354492188,30.474853515625,139.39167632952413
baseline_1981_2005__historical__tech_current_stock__seed_0000,baseline_1981_2005__historical__tech_current_stock,baseline_1981_2005,historical,tech_current_stock,seed_0000,1981-01-01,2005-12-31,1981-2005,/Users/alex/Library/CloudStorage/OneDrive-VrijeUniversiteitBrussel/Documenten/VUB/MA IW/Master Thesis/model_v3/inputs/climate/processed/baseline/weather_baseline_historical_cnrm_cerfacs_cm5_cnrm_aladin63_r1i1p1.csv,T_out_C,I_solar_W_m2,1997,9.44325034781678,2.256667073567708,17.4435570758322,2326.284149169922,3241.8803100585938,24.698089599609375,132.2596705658795
baseline_1981_2005__historical__tech_current_stock__seed_0000,baseline_1981_2005__historical__tech_current_stock,baseline_1981_2005,historical,tech_current_stock,seed_0000,1981-01-01,2005-12-31,1981-2005,/Users/alex/Library/CloudStorage/OneDrive-VrijeUniversiteitBrussel/Documenten/VUB/MA IW/Master Thesis/model_v3/inputs/climate/processed/baseline/weather_baseline_historical_cnrm_cerfacs_cm5_cnrm_aladin63_r1i1p1.csv,T_out_C,I_solar_W_m2,1998,8.753989358144263,1.160530259874132,16.000126050866168,2525.0164184570312,3473.1974182128906,5.672027587890625,134.46626910510128
baseline_1981_2005__historical__tech_current_stock__seed_0000,baseline_1981_2005__historical__tech_current_stock,baseline_1981_2005,historical,tech_current_stock,seed_0000,1981-01-01,2005-12-31,1981-2005,/Users/alex/Library/CloudStorage/OneDrive-VrijeUniversiteitBrussel/Documenten/VUB/MA IW/Master Thesis/model_v3/inputs/climate/processed/baseline/weather_baseline_historical_cnrm_cerfacs_cm5_cnrm_aladin63_r1i1p1.csv,T_out_C,I_solar_W_m2,1999,9.917330221933861,3.662649875217014,16.720694832179856,2142.322021484375,3025.8927001953125,8.172210693359375,137.63086541384868
baseline_1981_2005__historical__tech_current_stock__seed_0000,baseline_1981_2005__historical__tech_current_stock,baseline_1981_2005,historical,tech_current_stock,seed_0000,1981-01-01,2005-12-31,1981-2005,/Users/alex/Library/CloudStorage/OneDrive-VrijeUniversiteitBrussel/Documenten/VUB/MA IW/Master Thesis/model_v3/inputs/climate/processed/baseline/weather_baseline_historical_cnrm_cerfacs_cm5_cnrm_aladin63_r1i1p1.csv,T_out_C,I_solar_W_m2,2000,10.208897658384563,2.979412372295673,19.20939768915591,2243.8782348632812,3077.7515869140625,36.993194580078125,141.7735541609467
baseline_1981_2005__historical__tech_current_stock__seed_0000,baseline_1981_2005__historical__tech_current_stock,baseline_1981_2005,historical,tech_current_stock,seed_0000,1981-01-01,2005-12-31,1981-2005,/Users/alex/Library/CloudStorage/OneDrive-VrijeUniversiteitBrussel/Documenten/VUB/MA IW/Master Thesis/model_v3/inputs/climate/processed/baseline/weather_baseline_historical_cnrm_cerfacs_cm5_cnrm_aladin63_r1i1p1.csv,T_out_C,I_solar_W_m2,2001,8.907130494836258,3.9688418918185766,16.481248606806215,2455.2506103515625,3434.753875732422,27.92822265625,132.1494895634586
baseline_1981_2005__historical__tech_current_stock__seed_0000,baseline_1981_2005__historical__tech_current_stock,baseline_1981_2005,historical,tech_current_stock,seed_0000,1981-01-01,2005-12-31,1981-2005,/Users/alex/Library/CloudStorage/OneDrive-VrijeUniversiteitBrussel/Documenten/VUB/MA IW/Master Thesis/model_v3/inputs/climate/processed/baseline/weather_baseline_historical_cnrm_cerfacs_cm5_cnrm_aladin63_r1i1p1.csv,T_out_C,I_solar_W_m2,2002,9.068509203767123,2.247616238064236,15.960043202275815,2367.1705322265625,3311.062042236328,0.0,135.08435205172185
baseline_1981_2005__historical__tech_current_stock__seed_0000,baseline_1981_2005__historical__tech_current_stock,baseline_1981_2005,historical,tech_current_stock,seed_0000,1981-01-01,2005-12-31,1981-2005,/Users/alex/Library/CloudStorage/OneDrive-VrijeUniversiteitBrussel/Documenten/VUB/MA IW/Master Thesis/model_v3/inputs/climate/processed/baseline/weather_baseline_historical_cnrm_cerfacs_cm5_cnrm_aladin63_r1i1p1.csv,T_out_C,I_solar_W_m2,2003,9.832557824539812,4.76087646484375,18.05503911557405,2202.566650390625,3104.556854248047,29.885986328125,133.98753777072855
baseline_1981_2005__historical__tech_current_stock__seed_0000,baseline_1981_2005__historical__tech_current_stock,baseline_1981_2005,historical,tech_current_stock,seed_0000,1981-01-01,2005-12-31,1981-2005,/Users/alex/Library/CloudStorage/OneDrive-VrijeUniversiteitBrussel/Documenten/VUB/MA IW/Master Thesis/model_v3/inputs/climate/processed/baseline/weather_baseline_historical_cnrm_cerfacs_cm5_cnrm_aladin63_r1i1p1.csv,T_out_C,I_solar_W_m2,2004,10.589833243948515,3.7839331993689904,19.689220926036004,2076.047637939453,2920.589813232422,47.8238525390625,141.8513573141046
baseline_1981_2005__historical__tech_current_stock__seed_0000,baseline_1981_2005__historical__tech_current_stock,baseline_1981_2005,historical,tech_current_stock,seed_0000,1981-01-01,2005-12-31,1981-2005,/Users/alex/Library/CloudStorage/OneDrive-VrijeUniversiteitBrussel/Documenten/VUB/MA IW/Master Thesis/model_v3/inputs/climate/processed/baseline/weather_baseline_historical_cnrm_cerfacs_cm5_cnrm_aladin63_r1i1p1.csv,T_out_C,I_solar_W_m2,2005,9.442129892845676,3.81219719780816,16.91015326458475,2250.043182373047,3198.1558837890625,8.61029052734375,137.7654826791319
baseline_1981_2005__historical__tech_current_stock__seed_0001,baseline_1981_2005__historical__tech_current_stock,baseline_1981_2005,historical,tech_current_stock,seed_0001,1981-01-01,2005-12-31,1981-2005,/Users/alex/Library/CloudStorage/OneDrive-VrijeUniversiteitBrussel/Documenten/VUB/MA IW/Master Thesis/model_v3/inputs/climate/processed/baseline/weather_baseline_historical_cnrm_cerfacs_cm5_cnrm_aladin63_r1i1p1.csv,T_out_C,I_solar_W_m2,1981,8.976870434904752,2.7202022976345486,16.844582599142324,2458.595916748047,3366.0330505371094,4.648223876953125,132.70395171283042
baseline_1981_2005__historical__tech_current_stock__seed_0001,baseline_1981_2005__historical__tech_current_stock,baseline_1981_2005,historical,tech_current_stock,seed_0001,1981-01-01,2005-12-31,1981-2005,/Users/alex/Library/CloudStorage/OneDrive-VrijeUniversiteitBrussel/Documenten/VUB/MA IW/Master Thesis/model_v3/inputs/climate/processed/baseline/weather_baseline_historical_cnrm_cerfacs_cm5_cnrm_aladin63_r1i1p1.csv,T_out_C,I_solar_W_m2,1982,7.488470291764769,-0.6227332221137153,16.04076518183169,2897.051727294922,3874.084747314453,0.76043701171875,125.37645339181978
baseline_1981_2005__historical__tech_current_stock__seed_0001,baseline_1981_2005__historical__tech_current_stock,baseline_1981_2005,historical,tech_current_stock,seed_0001,1981-01-01,2005-12-31,1981-2005,/Users/alex/Library/CloudStorage/OneDrive-VrijeUniversiteitBrussel/Documenten/VUB/MA IW/Master Thesis/model_v3/inputs/climate/processed/baseline/weather_baseline_historical_cnrm_cerfacs_cm5_cnrm_aladin63_r1i1p1.csv,T_out_C,I_solar_W_m2,1983,10.044780992481806,3.929487101236979,17.072453042735223,2074.488555908203,3015.471221923828,32.385101318359375,135.10285618533828
baseline_1981_2005__historical__tech_current_stock__seed_0001,baseline_1981_2005__historical__tech_current_stock,baseline_1981_2005,historical,tech_current_stock,seed_0001,1981-01-01,2005-12-31,1981-2005,/Users/alex/Library/CloudStorage/OneDrive-VrijeUniversiteitBrussel/Documenten/VUB/MA IW/Master Thesis/model_v3/inputs/climate/processed/baseline/weather_baseline_historical_cnrm_cerfacs_cm5_cnrm_aladin63_r1i1p1.csv,T_out_C,I_solar_W_m2,1984,8.893863031772968,3.973779028588599,16.544601772142492,2448.77783203125,3397.1371154785156,5.150299072265625,134.97375473950078
baseline_1981_2005__historical__tech_current_stock__seed_0001,baseline_1981_2005__historical__tech_current_stock,baseline_1981_2005,historical,tech_current_stock,seed_0001,1981-01-01,2005-12-31,1981-2005,/Users/alex/Library/CloudStorage/OneDrive-VrijeUniversiteitBrussel/Documenten/VUB/MA IW/Master Thesis/model_v3/inputs/climate/processed/baseline/weather_baseline_historical_cnrm_cerfacs_cm5_cnrm_aladin63_r1i1p1.csv,T_out_C,I_solar_W_m2,1985,8.097465452429367,-0.3769717746310764,16.43735305122707,2721.2808227539062,3666.4652709960938,0.536895751953125,134.3827219192296
baseline_1981_2005__historical__tech_current_stock__seed_0001,baseline_1981_2005__historical__tech_current_stock,baseline_1981_2005,historical,tech_current_stock,seed_0001,1981-01-01,2005-12-31,1981-2005,/Users/alex/Library/CloudStorage/OneDrive-VrijeUniversiteitBrussel/Documenten/VUB/MA IW/Master Thesis/model_v3/inputs/climate/processed/baseline/weather_baseline_historical_cnrm_cerfacs_cm5_cnrm_aladin63_r1i1p1.csv,T_out_C,I_solar_W_m2,1986,8.810493197506421,2.986555989583333,16.414767389712125,2452.6876220703125,3415.990936279297,11.260009765625,133.67980847293384
baseline_1981_2005__historical__tech_current_stock__seed_0001,baseline_1981_2005__historical__tech_current_stock,baseline_1981_2005,historical,tech_current_stock,seed_0001,1981-01-01,2005-12-31,1981-2005,/Users/alex/Library/CloudStorage/OneDrive-VrijeUniversiteitBrussel/Documenten/VUB/MA IW/Master Thesis/model_v3/inputs/climate/processed/baseline/weather_baseline_historical_cnrm_cerfacs_cm5_cnrm_aladin63_r1i1p1.csv,T_out_C,I_solar_W_m2,1987,8.532001735739511,1.7252499050564236,14.827346138332201,2439.6040649414062,3470.272735595703,0.0,132.73575204561834
baseline_1981_2005__historical__tech_current_stock__seed_0001,baseline_1981_2005__historical__tech_current_stock,baseline_1981_2005,historical,tech_current_stock,seed_0001,1981-01-01,2005-12-31,1981-2005,/Users/alex/Library/CloudStorage/OneDrive-VrijeUniversiteitBrussel/Documenten/VUB/MA IW/Master Thesis/model_v3/inputs/climate/processed/baseline/weather_baseline_historical_cnrm_cerfacs_cm5_cnrm_aladin63_r1i1p1.csv,T_out_C,I_solar_W_m2,1988,8.918542747289106,2.3295623443938873,16.785784845766813,2474.8794860839844,3416.6873779296875,23.316436767578125,135.1548151370606
baseline_1981_2005__historical__tech_current_stock__seed_0001,baseline_1981_2005__historical__tech_current_stock,baseline_1981_2005,historical,tech_current_stock,seed_0001,1981-01-01,2005-12-31,1981-2005,/Users/alex/Library/CloudStorage/OneDrive-VrijeUniversiteitBrussel/Documenten/VUB/MA IW/Master Thesis/model_v3/inputs/climate/processed/baseline/weather_baseline_historical_cnrm_cerfacs_cm5_cnrm_aladin63_r1i1p1.csv,T_out_C,I_solar_W_m2,1989,9.733255381126927,3.2514339870876734,17.94324029010275,2243.4075317382812,3114.858917236328,5.232269287109375,143.74793226816882
baseline_1981_2005__historical__tech_current_stock__seed_0001,baseline_1981_2005__historical__tech_current_stock,baseline_1981_2005,historical,tech_current_stock,seed_0001,1981-01-01,2005-12-31,1981-2005,/Users/alex/Library/CloudStorage/OneDrive-VrijeUniversiteitBrussel/Documenten/VUB/MA IW/Master Thesis/model_v3/inputs/climate/processed/baseline/weather_baseline_historical_cnrm_cerfacs_cm5_cnrm_aladin63_r1i1p1.csv,T_out_C,I_solar_W_m2,1990,8.923933556961687,2.60333489312066,15.725858937139096,2376.590057373047,3349.9651794433594,2.27081298828125,132.4130215370492
baseline_1981_2005__historical__tech_current_stock__seed_0001,baseline_1981_2005__historical__tech_current_stock,baseline_1981_2005,historical,tech_current_stock,seed_0001,1981-01-01,2005-12-31,1981-2005,/Users/alex/Library/CloudStorage/OneDrive-VrijeUniversiteitBrussel/Documenten/VUB/MA IW/Master Thesis/model_v3/inputs/climate/processed/baseline/weather_baseline_historical_cnrm_cerfacs_cm5_cnrm_aladin63_r1i1p1.csv,T_out_C,I_solar_W_m2,1991,8.950052506956336,3.429946560329861,15.874760835067086,2369.1568908691406,3330.677032470703,0.0,129.28797439549066
baseline_1981_2005__historical__tech_current_stock__seed_0001,baseline_1981_2005__historical__tech_current_stock,baseline_1981_2005,historical,tech_current_stock,seed_0001,1981-01-01,2005-12-31,1981-2005,/Users/alex/Library/CloudStorage/OneDrive-VrijeUniversiteitBrussel/Documenten/VUB/MA IW/Master Thesis/model_v3/inputs/climate/processed/baseline/weather_baseline_historical_cnrm_cerfacs_cm5_cnrm_aladin63_r1i1p1.csv,T_out_C,I_solar_W_m2,1992,8.100528904649078,-0.8090377639938187,17.10126827074134,2780.544219970703,3695.389862060547,2.455322265625,134.77248117181122
baseline_1981_2005__historical__tech_current_stock__seed_0001,baseline_1981_2005__historical__tech_current_stock,baseline_1981_2005,historical,tech_current_stock,seed_0001,1981-01-01,2005-12-31,1981-2005,/Users/alex/Library/CloudStorage/OneDrive-VrijeUniversiteitBrussel/Documenten/VUB/MA IW/Master Thesis/model_v3/inputs/climate/processed/baseline/weather_baseline_historical_cnrm_cerfacs_cm5_cnrm_aladin63_r1i1p1.csv,T_out_C,I_solar_W_m2,1993,8.7662299169253,3.711197238498264,15.643621361773947,2412.7186584472656,3402.4373168945312,0.300018310546875,135.43278371471249
baseline_1981_2005__historical__tech_current_stock__seed_0001,baseline_1981_2005__historical__tech_current_stock,baseline_1981_2005,historical,tech_current_stock,seed_0001,1981-01-01,2005-12-31,1981-2005,/Users/alex/Library/CloudStorage/OneDrive-VrijeUniversiteitBrussel/Documenten/VUB/MA IW/Master Thesis/model_v3/inputs/climate/processed/baseline/weather_baseline_historical_cnrm_cerfacs_cm5_cnrm_aladin63_r1i1p1.csv,T_out_C,I_solar_W_m2,1994,8.541811673935145,1.9391330295138889,16.71574202827785,2573.996307373047,3537.574188232422,16.541534423828125,132.11664007787834
baseline_1981_2005__historical__tech_current_stock__seed_0001,baseline_1981_2005__historical__tech_current_stock,baseline_1981_2005,historical,tech_current_stock,seed_0001,1981-01-01,2005-12-31,1981-2005,/Users/alex/Library/CloudStorage/OneDrive-VrijeUniversiteitBrussel/Documenten/VUB/MA IW/Master Thesis/model_v3/inputs/climate/processed/baseline/weather_baseline_historical_cnrm_cerfacs_cm5_cnrm_aladin63_r1i1p1.csv,T_out_C,I_solar_W_m2,1995,9.193843726589256,2.6712910970052084,17.726187332816746,2431.7122192382812,3346.7647399902344,32.656219482421875,134.54270765487462
baseline_1981_2005__historical__tech_current_stock__seed_0001,baseline_1981_2005__historical__tech_current_stock,baseline_1981_2005,historical,tech_current_stock,seed_0001,1981-01-01,2005-12-31,1981-2005,/Users/alex/Library/CloudStorage/OneDrive-VrijeUniversiteitBrussel/Documenten/VUB/MA IW/Master Thesis/model_v3/inputs/climate/processed/baseline/weather_baseline_historical_cnrm_cerfacs_cm5_cnrm_aladin63_r1i1p1.csv,T_out_C,I_solar_W_m2,1996,9.397000005336407,2.173741267277644,19.122271330460258,2468.8156127929688,3335.9938354492188,30.474853515625,139.39167632952413
baseline_1981_2005__historical__tech_current_stock__seed_0001,baseline_1981_2005__historical__tech_current_stock,baseline_1981_2005,historical,tech_current_stock,seed_0001,1981-01-01,2005-12-31,1981-2005,/Users/alex/Library/CloudStorage/OneDrive-VrijeUniversiteitBrussel/Documenten/VUB/MA IW/Master Thesis/model_v3/inputs/climate/processed/baseline/weather_baseline_historical_cnrm_cerfacs_cm5_cnrm_aladin63_r1i1p1.csv,T_out_C,I_solar_W_m2,1997,9.44325034781678,2.256667073567708,17.4435570758322,2326.284149169922,3241.8803100585938,24.698089599609375,132.2596705658795
baseline_1981_2005__historical__tech_current_stock__seed_0001,baseline_1981_2005__historical__tech_current_stock,baseline_1981_2005,historical,tech_current_stock,seed_0001,1981-01-01,2005-12-31,1981-2005,/Users/alex/Library/CloudStorage/OneDrive-VrijeUniversiteitBrussel/Documenten/VUB/MA IW/Master Thesis/model_v3/inputs/climate/processed/baseline/weather_baseline_historical_cnrm_cerfacs_cm5_cnrm_aladin63_r1i1p1.csv,T_out_C,I_solar_W_m2,1998,8.753989358144263,1.160530259874132,16.000126050866168,2525.0164184570312,3473.1974182128906,5.672027587890625,134.46626910510128
baseline_1981_2005__historical__tech_current_stock__seed_0001,baseline_1981_2005__historical__tech_current_stock,baseline_1981_2005,historical,tech_current_stock,seed_0001,1981-01-01,2005-12-31,1981-2005,/Users/alex/Library/CloudStorage/OneDrive-VrijeUniversiteitBrussel/Documenten/VUB/MA IW/Master Thesis/model_v3/inputs/climate/processed/baseline/weather_baseline_historical_cnrm_cerfacs_cm5_cnrm_aladin63_r1i1p1.csv,T_out_C,I_solar_W_m2,1999,9.917330221933861,3.662649875217014,16.720694832179856,2142.322021484375,3025.8927001953125,8.172210693359375,137.63086541384868
baseline_1981_2005__historical__tech_current_stock__seed_0001,baseline_1981_2005__historical__tech_current_stock,baseline_1981_2005,historical,tech_current_stock,seed_0001,1981-01-01,2005-12-31,1981-2005,/Users/alex/Library/CloudStorage/OneDrive-VrijeUniversiteitBrussel/Documenten/VUB/MA IW/Master Thesis/model_v3/inputs/climate/processed/baseline/weather_baseline_historical_cnrm_cerfacs_cm5_cnrm_aladin63_r1i1p1.csv,T_out_C,I_solar_W_m2,2000,10.208897658384563,2.979412372295673,19.20939768915591,2243.8782348632812,3077.7515869140625,36.993194580078125,141.7735541609467
baseline_1981_2005__historical__tech_current_stock__seed_0001,baseline_1981_2005__historical__tech_current_stock,baseline_1981_2005,historical,tech_current_stock,seed_0001,1981-01-01,2005-12-31,1981-2005,/Users/alex/Library/CloudStorage/OneDrive-VrijeUniversiteitBrussel/Documenten/VUB/MA IW/Master Thesis/model_v3/inputs/climate/processed/baseline/weather_baseline_historical_cnrm_cerfacs_cm5_cnrm_aladin63_r1i1p1.csv,T_out_C,I_solar_W_m2,2001,8.907130494836258,3.9688418918185766,16.481248606806215,2455.2506103515625,3434.753875732422,27.92822265625,132.1494895634586
baseline_1981_2005__historical__tech_current_stock__seed_0001,baseline_1981_2005__historical__tech_current_stock,baseline_1981_2005,historical,tech_current_stock,seed_0001,1981-01-01,2005-12-31,1981-2005,/Users/alex/Library/CloudStorage/OneDrive-VrijeUniversiteitBrussel/Documenten/VUB/MA IW/Master Thesis/model_v3/inputs/climate/processed/baseline/weather_baseline_historical_cnrm_cerfacs_cm5_cnrm_aladin63_r1i1p1.csv,T_out_C,I_solar_W_m2,2002,9.068509203767123,2.247616238064236,15.960043202275815,2367.1705322265625,3311.062042236328,0.0,135.08435205172185
baseline_1981_2005__historical__tech_current_stock__seed_0001,baseline_1981_2005__historical__tech_current_stock,baseline_1981_2005,historical,tech_current_stock,seed_0001,1981-01-01,2005-12-31,1981-2005,/Users/alex/Library/CloudStorage/OneDrive-VrijeUniversiteitBrussel/Documenten/VUB/MA IW/Master Thesis/model_v3/inputs/climate/processed/baseline/weather_baseline_historical_cnrm_cerfacs_cm5_cnrm_aladin63_r1i1p1.csv,T_out_C,I_solar_W_m2,2003,9.832557824539812,4.76087646484375,18.05503911557405,2202.566650390625,3104.556854248047,29.885986328125,133.98753777072855
baseline_1981_2005__historical__tech_current_stock__seed_0001,baseline_1981_2005__historical__tech_current_stock,baseline_1981_2005,historical,tech_current_stock,seed_0001,1981-01-01,2005-12-31,1981-2005,/Users/alex/Library/CloudStorage/OneDrive-VrijeUniversiteitBrussel/Documenten/VUB/MA IW/Master Thesis/model_v3/inputs/climate/processed/baseline/weather_baseline_historical_cnrm_cerfacs_cm5_cnrm_aladin63_r1i1p1.csv,T_out_C,I_solar_W_m2,2004,10.589833243948515,3.7839331993689904,19.689220926036004,2076.047637939453,2920.589813232422,47.8238525390625,141.8513573141046
baseline_1981_2005__historical__tech_current_stock__seed_0001,baseline_1981_2005__historical__tech_current_stock,baseline_1981_2005,historical,tech_current_stock,seed_0001,1981-01-01,2005-12-31,1981-2005,/Users/alex/Library/CloudStorage/OneDrive-VrijeUniversiteitBrussel/Documenten/VUB/MA IW/Master Thesis/model_v3/inputs/climate/processed/baseline/weather_baseline_historical_cnrm_cerfacs_cm5_cnrm_aladin63_r1i1p1.csv,T_out_C,I_solar_W_m2,2005,9.442129892845676,3.81219719780816,16.91015326458475,2250.043182373047,3198.1558837890625,8.61029052734375,137.7654826791319
baseline_1981_2005__historical__tech_current_stock__seed_0002,baseline_1981_2005__historical__tech_current_stock,baseline_1981_2005,historical,tech_current_stock,seed_0002,1981-01-01,2005-12-31,1981-2005,/Users/alex/Library/CloudStorage/OneDrive-VrijeUniversiteitBrussel/Documenten/VUB/MA IW/Master Thesis/model_v3/inputs/climate/processed/baseline/weather_baseline_historical_cnrm_cerfacs_cm5_cnrm_aladin63_r1i1p1.csv,T_out_C,I_solar_W_m2,1981,8.976870434904752,2.7202022976345486,16.844582599142324,2458.595916748047,3366.0330505371094,4.648223876953125,132.70395171283042
baseline_1981_2005__historical__tech_current_stock__seed_0002,baseline_1981_2005__historical__tech_current_stock,baseline_1981_2005,historical,tech_current_stock,seed_0002,1981-01-01,2005-12-31,1981-2005,/Users/alex/Library/CloudStorage/OneDrive-VrijeUniversiteitBrussel/Documenten/VUB/MA IW/Master Thesis/model_v3/inputs/climate/processed/baseline/weather_baseline_historical_cnrm_cerfacs_cm5_cnrm_aladin63_r1i1p1.csv,T_out_C,I_solar_W_m2,1982,7.488470291764769,-0.6227332221137153,16.04076518183169,2897.051727294922,3874.084747314453,0.76043701171875,125.37645339181978
baseline_1981_2005__historical__tech_current_stock__seed_0002,baseline_1981_2005__historical__tech_current_stock,baseline_1981_2005,historical,tech_current_stock,seed_0002,1981-01-01,2005-12-31,1981-2005,/Users/alex/Library/CloudStorage/OneDrive-VrijeUniversiteitBrussel/Documenten/VUB/MA IW/Master Thesis/model_v3/inputs/climate/processed/baseline/weather_baseline_historical_cnrm_cerfacs_cm5_cnrm_aladin63_r1i1p1.csv,T_out_C,I_solar_W_m2,1983,10.044780992481806,3.929487101236979,17.072453042735223,2074.488555908203,3015.471221923828,32.385101318359375,135.10285618533828
baseline_1981_2005__historical__tech_current_stock__seed_0002,baseline_1981_2005__historical__tech_current_stock,baseline_1981_2005,historical,tech_current_stock,seed_0002,1981-01-01,2005-12-31,1981-2005,/Users/alex/Library/CloudStorage/OneDrive-VrijeUniversiteitBrussel/Documenten/VUB/MA IW/Master Thesis/model_v3/inputs/climate/processed/baseline/weather_baseline_historical_cnrm_cerfacs_cm5_cnrm_aladin63_r1i1p1.csv,T_out_C,I_solar_W_m2,1984,8.893863031772968,3.973779028588599,16.544601772142492,2448.77783203125,3397.1371154785156,5.150299072265625,134.97375473950078
baseline_1981_2005__historical__tech_current_stock__seed_0002,baseline_1981_2005__historical__tech_current_stock,baseline_1981_2005,historical,tech_current_stock,seed_0002,1981-01-01,2005-12-31,1981-2005,/Users/alex/Library/CloudStorage/OneDrive-VrijeUniversiteitBrussel/Documenten/VUB/MA IW/Master Thesis/model_v3/inputs/climate/processed/baseline/weather_baseline_historical_cnrm_cerfacs_cm5_cnrm_aladin63_r1i1p1.csv,T_out_C,I_solar_W_m2,1985,8.097465452429367,-0.3769717746310764,16.43735305122707,2721.2808227539062,3666.4652709960938,0.536895751953125,134.3827219192296
baseline_1981_2005__historical__tech_current_stock__seed_0002,baseline_1981_2005__historical__tech_current_stock,baseline_1981_2005,historical,tech_current_stock,seed_0002,1981-01-01,2005-12-31,1981-2005,/Users/alex/Library/CloudStorage/OneDrive-VrijeUniversiteitBrussel/Documenten/VUB/MA IW/Master Thesis/model_v3/inputs/climate/processed/baseline/weather_baseline_historical_cnrm_cerfacs_cm5_cnrm_aladin63_r1i1p1.csv,T_out_C,I_solar_W_m2,1986,8.810493197506421,2.986555989583333,16.414767389712125,2452.6876220703125,3415.990936279297,11.260009765625,133.67980847293384
baseline_1981_2005__historical__tech_current_stock__seed_0002,baseline_1981_2005__historical__tech_current_stock,baseline_1981_2005,historical,tech_current_stock,seed_0002,1981-01-01,2005-12-31,1981-2005,/Users/alex/Library/CloudStorage/OneDrive-VrijeUniversiteitBrussel/Documenten/VUB/MA IW/Master Thesis/model_v3/inputs/climate/processed/baseline/weather_baseline_historical_cnrm_cerfacs_cm5_cnrm_aladin63_r1i1p1.csv,T_out_C,I_solar_W_m2,1987,8.532001735739511,1.7252499050564236,14.827346138332201,2439.6040649414062,3470.272735595703,0.0,132.73575204561834
baseline_1981_2005__historical__tech_current_stock__seed_0002,baseline_1981_2005__historical__tech_current_stock,baseline_1981_2005,historical,tech_current_stock,seed_0002,1981-01-01,2005-12-31,1981-2005,/Users/alex/Library/CloudStorage/OneDrive-VrijeUniversiteitBrussel/Documenten/VUB/MA IW/Master Thesis/model_v3/inputs/climate/processed/baseline/weather_baseline_historical_cnrm_cerfacs_cm5_cnrm_aladin63_r1i1p1.csv,T_out_C,I_solar_W_m2,1988,8.918542747289106,2.3295623443938873,16.785784845766813,2474.8794860839844,3416.6873779296875,23.316436767578125,135.1548151370606
baseline_1981_2005__historical__tech_current_stock__seed_0002,baseline_1981_2005__historical__tech_current_stock,baseline_1981_2005,historical,tech_current_stock,seed_0002,1981-01-01,2005-12-31,1981-2005,/Users/alex/Library/CloudStorage/OneDrive-VrijeUniversiteitBrussel/Documenten/VUB/MA IW/Master Thesis/model_v3/inputs/climate/processed/baseline/weather_baseline_historical_cnrm_cerfacs_cm5_cnrm_aladin63_r1i1p1.csv,T_out_C,I_solar_W_m2,1989,9.733255381126927,3.2514339870876734,17.94324029010275,2243.4075317382812,3114.858917236328,5.232269287109375,143.74793226816882
baseline_1981_2005__historical__tech_current_stock__seed_0002,baseline_1981_2005__historical__tech_current_stock,baseline_1981_2005,historical,tech_current_stock,seed_0002,1981-01-01,2005-12-31,1981-2005,/Users/alex/Library/CloudStorage/OneDrive-VrijeUniversiteitBrussel/Documenten/VUB/MA IW/Master Thesis/model_v3/inputs/climate/processed/baseline/weather_baseline_historical_cnrm_cerfacs_cm5_cnrm_aladin63_r1i1p1.csv,T_out_C,I_solar_W_m2,1990,8.923933556961687,2.60333489312066,15.725858937139096,2376.590057373047,3349.9651794433594,2.27081298828125,132.4130215370492
baseline_1981_2005__historical__tech_current_stock__seed_0002,baseline_1981_2005__historical__tech_current_stock,baseline_1981_2005,historical,tech_current_stock,seed_0002,1981-01-01,2005-12-31,1981-2005,/Users/alex/Library/CloudStorage/OneDrive-VrijeUniversiteitBrussel/Documenten/VUB/MA IW/Master Thesis/model_v3/inputs/climate/processed/baseline/weather_baseline_historical_cnrm_cerfacs_cm5_cnrm_aladin63_r1i1p1.csv,T_out_C,I_solar_W_m2,1991,8.950052506956336,3.429946560329861,15.874760835067086,2369.1568908691406,3330.677032470703,0.0,129.28797439549066
baseline_1981_2005__historical__tech_current_stock__seed_0002,baseline_1981_2005__historical__tech_current_stock,baseline_1981_2005,historical,tech_current_stock,seed_0002,1981-01-01,2005-12-31,1981-2005,/Users/alex/Library/CloudStorage/OneDrive-VrijeUniversiteitBrussel/Documenten/VUB/MA IW/Master Thesis/model_v3/inputs/climate/processed/baseline/weather_baseline_historical_cnrm_cerfacs_cm5_cnrm_aladin63_r1i1p1.csv,T_out_C,I_solar_W_m2,1992,8.100528904649078,-0.8090377639938187,17.10126827074134,2780.544219970703,3695.389862060547,2.455322265625,134.77248117181122
baseline_1981_2005__historical__tech_current_stock__seed_0002,baseline_1981_2005__historical__tech_current_stock,baseline_1981_2005,historical,tech_current_stock,seed_0002,1981-01-01,2005-12-31,1981-2005,/Users/alex/Library/CloudStorage/OneDrive-VrijeUniversiteitBrussel/Documenten/VUB/MA IW/Master Thesis/model_v3/inputs/climate/processed/baseline/weather_baseline_historical_cnrm_cerfacs_cm5_cnrm_aladin63_r1i1p1.csv,T_out_C,I_solar_W_m2,1993,8.7662299169253,3.711197238498264,15.643621361773947,2412.7186584472656,3402.4373168945312,0.300018310546875,135.43278371471249
baseline_1981_2005__historical__tech_current_stock__seed_0002,baseline_1981_2005__historical__tech_current_stock,baseline_1981_2005,historical,tech_current_stock,seed_0002,1981-01-01,2005-12-31,1981-2005,/Users/alex/Library/CloudStorage/OneDrive-VrijeUniversiteitBrussel/Documenten/VUB/MA IW/Master Thesis/model_v3/inputs/climate/processed/baseline/weather_baseline_historical_cnrm_cerfacs_cm5_cnrm_aladin63_r1i1p1.csv,T_out_C,I_solar_W_m2,1994,8.541811673935145,1.9391330295138889,16.71574202827785,2573.996307373047,3537.574188232422,16.541534423828125,132.11664007787834
baseline_1981_2005__historical__tech_current_stock__seed_0002,baseline_1981_2005__historical__tech_current_stock,baseline_1981_2005,historical,tech_current_stock,seed_0002,1981-01-01,2005-12-31,1981-2005,/Users/alex/Library/CloudStorage/OneDrive-VrijeUniversiteitBrussel/Documenten/VUB/MA IW/Master Thesis/model_v3/inputs/climate/processed/baseline/weather_baseline_historical_cnrm_cerfacs_cm5_cnrm_aladin63_r1i1p1.csv,T_out_C,I_solar_W_m2,1995,9.193843726589256,2.6712910970052084,17.726187332816746,2431.7122192382812,3346.7647399902344,32.656219482421875,134.54270765487462
baseline_1981_2005__historical__tech_current_stock__seed_0002,baseline_1981_2005__historical__tech_current_stock,baseline_1981_2005,historical,tech_current_stock,seed_0002,1981-01-01,2005-12-31,1981-2005,/Users/alex/Library/CloudStorage/OneDrive-VrijeUniversiteitBrussel/Documenten/VUB/MA IW/Master Thesis/model_v3/inputs/climate/processed/baseline/weather_baseline_historical_cnrm_cerfacs_cm5_cnrm_aladin63_r1i1p1.csv,T_out_C,I_solar_W_m2,1996,9.397000005336407,2.173741267277644,19.122271330460258,2468.8156127929688,3335.9938354492188,30.474853515625,139.39167632952413
baseline_1981_2005__historical__tech_current_stock__seed_0002,baseline_1981_2005__historical__tech_current_stock,baseline_1981_2005,historical,tech_current_stock,seed_0002,1981-01-01,2005-12-31,1981-2005,/Users/alex/Library/CloudStorage/OneDrive-VrijeUniversiteitBrussel/Documenten/VUB/MA IW/Master Thesis/model_v3/inputs/climate/processed/baseline/weather_baseline_historical_cnrm_cerfacs_cm5_cnrm_aladin63_r1i1p1.csv,T_out_C,I_solar_W_m2,1997,9.44325034781678,2.256667073567708,17.4435570758322,2326.284149169922,3241.8803100585938,24.698089599609375,132.2596705658795
baseline_1981_2005__historical__tech_current_stock__seed_0002,baseline_1981_2005__historical__tech_current_stock,baseline_1981_2005,historical,tech_current_stock,seed_0002,1981-01-01,2005-12-31,1981-2005,/Users/alex/Library/CloudStorage/OneDrive-VrijeUniversiteitBrussel/Documenten/VUB/MA IW/Master Thesis/model_v3/inputs/climate/processed/baseline/weather_baseline_historical_cnrm_cerfacs_cm5_cnrm_aladin63_r1i1p1.csv,T_out_C,I_solar_W_m2,1998,8.753989358144263,1.160530259874132,16.000126050866168,2525.0164184570312,3473.1974182128906,5.672027587890625,134.46626910510128
baseline_1981_2005__historical__tech_current_stock__seed_0002,baseline_1981_2005__historical__tech_current_stock,baseline_1981_2005,historical,tech_current_stock,seed_0002,1981-01-01,2005-12-31,1981-2005,/Users/alex/Library/CloudStorage/OneDrive-VrijeUniversiteitBrussel/Documenten/VUB/MA IW/Master Thesis/model_v3/inputs/climate/processed/baseline/weather_baseline_historical_cnrm_cerfacs_cm5_cnrm_aladin63_r1i1p1.csv,T_out_C,I_solar_W_m2,1999,9.917330221933861,3.662649875217014,16.720694832179856,2142.322021484375,3025.8927001953125,8.172210693359375,137.63086541384868
baseline_1981_2005__historical__tech_current_stock__seed_0002,baseline_1981_2005__historical__tech_current_stock,baseline_1981_2005,historical,tech_current_stock,seed_0002,1981-01-01,2005-12-31,1981-2005,/Users/alex/Library/CloudStorage/OneDrive-VrijeUniversiteitBrussel/Documenten/VUB/MA IW/Master Thesis/model_v3/inputs/climate/processed/baseline/weather_baseline_historical_cnrm_cerfacs_cm5_cnrm_aladin63_r1i1p1.csv,T_out_C,I_solar_W_m2,2000,10.208897658384563,2.979412372295673,19.20939768915591,2243.8782348632812,3077.7515869140625,36.993194580078125,141.7735541609467
baseline_1981_2005__historical__tech_current_stock__seed_0002,baseline_1981_2005__historical__tech_current_stock,baseline_1981_2005,historical,tech_current_stock,seed_0002,1981-01-01,2005-12-31,1981-2005,/Users/alex/Library/CloudStorage/OneDrive-VrijeUniversiteitBrussel/Documenten/VUB/MA IW/Master Thesis/model_v3/inputs/climate/processed/baseline/weather_baseline_historical_cnrm_cerfacs_cm5_cnrm_aladin63_r1i1p1.csv,T_out_C,I_solar_W_m2,2001,8.907130494836258,3.9688418918185766,16.481248606806215,2455.2506103515625,3434.753875732422,27.92822265625,132.1494895634586
baseline_1981_2005__historical__tech_current_stock__seed_0002,baseline_1981_2005__historical__tech_current_stock,baseline_1981_2005,historical,tech_current_stock,seed_0002,1981-01-01,2005-12-31,1981-2005,/Users/alex/Library/CloudStorage/OneDrive-VrijeUniversiteitBrussel/Documenten/VUB/MA IW/Master Thesis/model_v3/inputs/climate/processed/baseline/weather_baseline_historical_cnrm_cerfacs_cm5_cnrm_aladin63_r1i1p1.csv,T_out_C,I_solar_W_m2,2002,9.068509203767123,2.247616238064236,15.960043202275815,2367.1705322265625,3311.062042236328,0.0,135.08435205172185
baseline_1981_2005__historical__tech_current_stock__seed_0002,baseline_1981_2005__historical__tech_current_stock,baseline_1981_2005,historical,tech_current_stock,seed_0002,1981-01-01,2005-12-31,1981-2005,/Users/alex/Library/CloudStorage/OneDrive-VrijeUniversiteitBrussel/Documenten/VUB/MA IW/Master Thesis/model_v3/inputs/climate/processed/baseline/weather_baseline_historical_cnrm_cerfacs_cm5_cnrm_aladin63_r1i1p1.csv,T_out_C,I_solar_W_m2,2003,9.832557824539812,4.76087646484375,18.05503911557405,2202.566650390625,3104.556854248047,29.885986328125,133.98753777072855
baseline_1981_2005__historical__tech_current_stock__seed_0002,baseline_1981_2005__historical__tech_current_stock,baseline_1981_2005,historical,tech_current_stock,seed_0002,1981-01-01,2005-12-31,1981-2005,/Users/alex/Library/CloudStorage/OneDrive-VrijeUniversiteitBrussel/Documenten/VUB/MA IW/Master Thesis/model_v3/inputs/climate/processed/baseline/weather_baseline_historical_cnrm_cerfacs_cm5_cnrm_aladin63_r1i1p1.csv,T_out_C,I_solar_W_m2,2004,10.589833243948515,3.7839331993689904,19.689220926036004,2076.047637939453,2920.589813232422,47.8238525390625,141.8513573141046
baseline_1981_2005__historical__tech_current_stock__seed_0002,baseline_1981_2005__historical__tech_current_stock,baseline_1981_2005,historical,tech_current_stock,seed_0002,1981-01-01,2005-12-31,1981-2005,/Users/alex/Library/CloudStorage/OneDrive-VrijeUniversiteitBrussel/Documenten/VUB/MA IW/Master Thesis/model_v3/inputs/climate/processed/baseline/weather_baseline_historical_cnrm_cerfacs_cm5_cnrm_aladin63_r1i1p1.csv,T_out_C,I_solar_W_m2,2005,9.442129892845676,3.81219719780816,16.91015326458475,2250.043182373047,3198.1558837890625,8.61029052734375,137.7654826791319
mid_century_2050_2070__rcp_8_5__tech_high_electrification_pv_ev__seed_0000,mid_century_2050_2070__rcp_8_5__tech_high_electrification_pv_ev,mid_century_2050_2070,rcp_8_5,tech_high_electrification_pv_ev,seed_0000,2050-01-01,2070-12-31,2050-2070,/Users/alex/Library/CloudStorage/OneDrive-VrijeUniversiteitBrussel/Documenten/VUB/MA IW/Master Thesis/model_v3/inputs/climate/processed/mid_century/weather_mid_century_rcp_8_5_cnrm_cerfacs_cm5_cnrm_aladin63_r1i1p1.csv,T_out_C,I_solar_W_m2,2050,12.293562045162671,5.539159478081597,21.849355614703633,1729.2892456054688,2514.8980712890625,146.7569580078125,153.84123928122324
mid_century_2050_2070__rcp_8_5__tech_high_electrification_pv_ev__seed_0000,mid_century_2050_2070__rcp_8_5__tech_high_electrification_pv_ev,mid_century_2050_2070,rcp_8_5,tech_high_electrification_pv_ev,seed_0000,2050-01-01,2070-12-31,2050-2070,/Users/alex/Library/CloudStorage/OneDrive-VrijeUniversiteitBrussel/Documenten/VUB/MA IW/Master Thesis/model_v3/inputs/climate/processed/mid_century/weather_mid_century_rcp_8_5_cnrm_cerfacs_cm5_cnrm_aladin63_r1i1p1.csv,T_out_C,I_solar_W_m2,2051,10.038696707111516,4.371810234917534,15.85019186268682,2013.1947021484375,2964.962921142578,5.156097412109375,140.95219174999082
mid_century_2050_2070__rcp_8_5__tech_high_electrification_pv_ev__seed_0000,mid_century_2050_2070__rcp_8_5__tech_high_electrification_pv_ev,mid_century_2050_2070,rcp_8_5,tech_high_electrification_pv_ev,seed_0000,2050-01-01,2070-12-31,2050-2070,/Users/alex/Library/CloudStorage/OneDrive-VrijeUniversiteitBrussel/Documenten/VUB/MA IW/Master Thesis/model_v3/inputs/climate/processed/mid_century/weather_mid_century_rcp_8_5_cnrm_cerfacs_cm5_cnrm_aladin63_r1i1p1.csv,T_out_C,I_solar_W_m2,2052,11.272496708103867,6.200945508349073,17.450528020444125,1684.8922119140625,2570.441375732422,3.908538818359375,141.65719382880164
mid_century_2050_2070__rcp_8_5__tech_high_electrification_pv_ev__seed_0000,mid_century_2050_2070__rcp_8_5__tech_high_electrification_pv_ev,mid_century_2050_2070,rcp_8_5,tech_high_electrification_pv_ev,seed_0000,2050-01-01,2070-12-31,2050-2070,/Users/alex/Library/CloudStorage/OneDrive-VrijeUniversiteitBrussel/Documenten/VUB/MA IW/Master Thesis/model_v3/inputs/climate/processed/mid_century/weather_mid_century_rcp_8_5_cnrm_cerfacs_cm5_cnrm_aladin63_r1i1p1.csv,T_out_C,I_solar_W_m2,2053,10.787706516213612,2.376877170138889,20.074136485224184,2140.971649169922,2918.369110107422,55.08184814453125,146.84871377422385
mid_century_2050_2070__rcp_8_5__tech_high_electrification_pv_ev__seed_0000,mid_century_2050_2070__rcp_8_5__tech_high_electrification_pv_ev,mid_century_2050_2070,rcp_8_5,tech_high_electrification_pv_ev,seed_0000,2050-01-01,2070-12-31,2050-2070,/Users/alex/Library/CloudStorage/OneDrive-VrijeUniversiteitBrussel/Documenten/VUB/MA IW/Master Thesis/model_v3/inputs/climate/processed/mid_century/weather_mid_century_rcp_8_5_cnrm_cerfacs_cm5_cnrm_aladin63_r1i1p1.csv,T_out_C,I_solar_W_m2,2054,11.11795980375107,2.1565599229600694,21.37166164232337,2175.6454467773438,2938.5300903320312,150.0299072265625,148.5630897639549
mid_century_2050_2070__rcp_8_5__tech_high_electrification_pv_ev__seed_0000,mid_century_2050_2070__rcp_8_5__tech_high_electrification_pv_ev,mid_century_2050_2070,rcp_8_5,tech_high_electrification_pv_ev,seed_0000,2050-01-01,2070-12-31,2050-2070,/Users/alex/Library/CloudStorage/OneDrive-VrijeUniversiteitBrussel/Documenten/VUB/MA IW/Master Thesis/model_v3/inputs/climate/processed/mid_century/weather_mid_century_rcp_8_5_cnrm_cerfacs_cm5_cnrm_aladin63_r1i1p1.csv,T_out_C,I_solar_W_m2,2055,10.807736415079194,4.9356055365668405,18.1609002818232,1894.3068542480469,2784.00634765625,38.2681884765625,138.26281626061217
mid_century_2050_2070__rcp_8_5__tech_high_electrification_pv_ev__seed_0000,mid_century_2050_2070__rcp_8_5__tech_high_electrification_pv_ev,mid_century_2050_2070,rcp_8_5,tech_high_electrification_pv_ev,seed_0000,2050-01-01,2070-12-31,2050-2070,/Users/alex/Library/CloudStorage/OneDrive-VrijeUniversiteitBrussel/Documenten/VUB/MA IW/Master Thesis/model_v3/inputs/climate/processed/mid_century/weather_mid_century_rcp_8_5_cnrm_cerfacs_cm5_cnrm_aladin63_r1i1p1.csv,T_out_C,I_solar_W_m2,2056,11.377889414302638,4.109731820913462,19.827489438264266,1798.9533386230469,2648.0050048828125,68.60498046875,144.66256358323852
mid_century_2050_2070__rcp_8_5__tech_high_electrification_pv_ev__seed_0000,mid_century_2050_2070__rcp_8_5__tech_high_electrification_pv_ev,mid_century_2050_2070,rcp_8_5,tech_high_electrification_pv_ev,seed_0000,2050-01-01,2070-12-31,2050-2070,/Users/alex/Library/CloudStorage/OneDrive-VrijeUniversiteitBrussel/Documenten/VUB/MA IW/Master Thesis/model_v3/inputs/climate/processed/mid_century/weather_mid_century_rcp_8_5_cnrm_cerfacs_cm5_cnrm_aladin63_r1i1p1.csv,T_out_C,I_solar_W_m2,2057,10.777230793156036,4.6043212890625,17.80545641028363,1859.597412109375,2742.9366455078125,20.0772705078125,137.43675125069814
mid_century_2050_2070__rcp_8_5__tech_high_electrification_pv_ev__seed_0000,mid_century_2050_2070__rcp_8_5__tech_high_electrification_pv_ev,mid_century_2050_2070,rcp_8_5,tech_high_electrification_pv_ev,seed_0000,2050-01-01,2070-12-31,2050-2070,/Users/alex/Library/CloudStorage/OneDrive-VrijeUniversiteitBrussel/Documenten/VUB/MA IW/Master Thesis/model_v3/inputs/climate/processed/mid_century/weather_mid_century_rcp_8_5_cnrm_cerfacs_cm5_cnrm_aladin63_r1i1p1.csv,T_out_C,I_solar_W_m2,2058,10.786112829757064,5.184666273328993,17.566151826278023,1903.2242431640625,2795.9749755859375,56.49658203125,140.89261860782153
mid_century_2050_2070__rcp_8_5__tech_high_electrification_pv_ev__seed_0000,mid_century_2050_2070__rcp_8_5__tech_high_electrification_pv_ev,mid_century_2050_2070,rcp_8_5,tech_high_electrification_pv_ev,seed_0000,2050-01-01,2070-12-31,2050-2070,/Users/alex/Library/CloudStorage/OneDrive-VrijeUniversiteitBrussel/Documenten/VUB/MA IW/Master Thesis/model_v3/inputs/climate/processed/mid_century/weather_mid_century_rcp_8_5_cnrm_cerfacs_cm5_cnrm_aladin63_r1i1p1.csv,T_out_C,I_solar_W_m2,2059,11.21696668651006,3.62878180609809,19.217181993567426,1898.7177429199219,2688.6373291015625,47.91705322265625,144.95181739885513
mid_century_2050_2070__rcp_8_5__tech_high_electrification_pv_ev__seed_0000,mid_century_2050_2070__rcp_8_5__tech_high_electrification_pv_ev,mid_century_2050_2070,rcp_8_5,tech_high_electrification_pv_ev,seed_0000,2050-01-01,2070-12-31,2050-2070,/Users/alex/Library/CloudStorage/OneDrive-VrijeUniversiteitBrussel/Documenten/VUB/MA IW/Master Thesis/model_v3/inputs/climate/processed/mid_century/weather_mid_century_rcp_8_5_cnrm_cerfacs_cm5_cnrm_aladin63_r1i1p1.csv,T_out_C,I_solar_W_m2,2060,10.323996205147498,4.626411857185783,17.840115091075067,2036.9015502929688,2905.1744689941406,5.840301513671875,142.58302267783327
mid_century_2050_2070__rcp_8_5__tech_high_electrification_pv_ev__seed_0000,mid_century_2050_2070__rcp_8_5__tech_high_electrification_pv_ev,mid_century_2050_2070,rcp_8_5,tech_high_electrification_pv_ev,seed_0000,2050-01-01,2070-12-31,2050-2070,/Users/alex/Library/CloudStorage/OneDrive-VrijeUniversiteitBrussel/Documenten/VUB/MA IW/Master Thesis/model_v3/inputs/climate/processed/mid_century/weather_mid_century_rcp_8_5_cnrm_cerfacs_cm5_cnrm_aladin63_r1i1p1.csv,T_out_C,I_solar_W_m2,2061,10.909815289223031,3.1440765380859377,19.31014417565387,1910.23388671875,2771.173309326172,39.878936767578125,136.72667062576502
mid_century_2050_2070__rcp_8_5__tech_high_electrification_pv_ev__seed_0000,mid_century_2050_2070__rcp_8_5__tech_high_electrification_pv_ev,mid_century_2050_2070,rcp_8_5,tech_high_electrification_pv_ev,seed_0000,2050-01-01,2070-12-31,2050-2070,/Users/alex/Library/CloudStorage/OneDrive-VrijeUniversiteitBrussel/Documenten/VUB/MA IW/Master Thesis/model_v3/inputs/climate/processed/mid_century/weather_mid_century_rcp_8_5_cnrm_cerfacs_cm5_cnrm_aladin63_r1i1p1.csv,T_out_C,I_solar_W_m2,2062,11.51053140718643,4.496314493815104,19.99962748651919,1890.5678405761719,2656.7236328125,48.650634765625,143.28623657095923
mid_century_2050_2070__rcp_8_5__tech_high_electrification_pv_ev__seed_0000,mid_century_2050_2070__rcp_8_5__tech_high_electrification_pv_ev,mid_century_2050_2070,rcp_8_5,tech_high_electrification_pv_ev,seed_0000,2050-01-01,2070-12-31,2050-2070,/Users/alex/Library/CloudStorage/OneDrive-VrijeUniversiteitBrussel/Documenten/VUB/MA IW/Master Thesis/model_v3/inputs/climate/processed/mid_century/weather_mid_century_rcp_8_5_cnrm_cerfacs_cm5_cnrm_aladin63_r1i1p1.csv,T_out_C,I_solar_W_m2,2063,11.495550202670163,5.362567138671875,19.47748963729195,1774.1464233398438,2566.8564453125,48.41912841796875,145.93549164288663
mid_century_2050_2070__rcp_8_5__tech_high_electrification_pv_ev__seed_0000,mid_century_2050_2070__rcp_8_5__tech_high_electrification_pv_ev,mid_century_2050_2070,rcp_8_5,tech_high_electrification_pv_ev,seed_0000,2050-01-01,2070-12-31,2050-2070,/Users/alex/Library/CloudStorage/OneDrive-VrijeUniversiteitBrussel/Documenten/VUB/MA IW/Master Thesis/model_v3/inputs/climate/processed/mid_century/weather_mid_century_rcp_8_5_cnrm_cerfacs_cm5_cnrm_aladin63_r1i1p1.csv,T_out_C,I_solar_W_m2,2064,11.113573668433018,4.428337013328468,17.506868777067766,1760.5465087890625,2642.1717834472656,23.048065185546875,136.9244179921072
mid_century_2050_2070__rcp_8_5__tech_high_electrification_pv_ev__seed_0000,mid_century_2050_2070__rcp_8_5__tech_high_electrification_pv_ev,mid_century_2050_2070,rcp_8_5,tech_high_electrification_pv_ev,seed_0000,2050-01-01,2070-12-31,2050-2070,/Users/alex/Library/CloudStorage/OneDrive-VrijeUniversiteitBrussel/Documenten/VUB/MA IW/Master Thesis/model_v3/inputs/climate/processed/mid_century/weather_mid_century_rcp_8_5_cnrm_cerfacs_cm5_cnrm_aladin63_r1i1p1.csv,T_out_C,I_solar_W_m2,2065,12.534547654243365,4.394066026475694,23.841077721637227,1859.6383361816406,2601.7429809570312,283.88714599609375,151.48394661864188
mid_century_2050_2070__rcp_8_5__tech_high_electrification_pv_ev__seed_0000,mid_century_2050_2070__rcp_8_5__tech_high_electrification_pv_ev,mid_century_2050_2070,rcp_8_5,tech_high_electrification_pv_ev,seed_0000,2050-01-01,2070-12-31,2050-2070,/Users/alex/Library/CloudStorage/OneDrive-VrijeUniversiteitBrussel/Documenten/VUB/MA IW/Master Thesis/model_v3/inputs/climate/processed/mid_century/weather_mid_century_rcp_8_5_cnrm_cerfacs_cm5_cnrm_aladin63_r1i1p1.csv,T_out_C,I_solar_W_m2,2066,10.960766768782106,2.934786309136285,19.211950882621434,2023.1064758300781,2801.901641845703,40.799652099609375,151.9364080337629
mid_century_2050_2070__rcp_8_5__tech_high_electrification_pv_ev__seed_0000,mid_century_2050_2070__rcp_8_5__tech_high_electrification_pv_ev,mid_century_2050_2070,rcp_8_5,tech_high_electrification_pv_ev,seed_0000,2050-01-01,2070-12-31,2050-2070,/Users/alex/Library/CloudStorage/OneDrive-VrijeUniversiteitBrussel/Documenten/VUB/MA IW/Master Thesis/model_v3/inputs/climate/processed/mid_century/weather_mid_century_rcp_8_5_cnrm_cerfacs_cm5_cnrm_aladin63_r1i1p1.csv,T_out_C,I_solar_W_m2,2067,10.640153189881207,5.228006659613715,19.019103672193445,2034.8280334472656,2855.3016967773438,16.4296875,144.3842621894732
mid_century_2050_2070__rcp_8_5__tech_high_electrification_pv_ev__seed_0000,mid_century_2050_2070__rcp_8_5__tech_high_electrification_pv_ev,mid_century_2050_2070,rcp_8_5,tech_high_electrification_pv_ev,seed_0000,2050-01-01,2070-12-31,2050-2070,/Users/alex/Library/CloudStorage/OneDrive-VrijeUniversiteitBrussel/Documenten/VUB/MA IW/Master Thesis/model_v3/inputs/climate/processed/mid_century/weather_mid_century_rcp_8_5_cnrm_cerfacs_cm5_cnrm_aladin63_r1i1p1.csv,T_out_C,I_solar_W_m2,2068,11.376900761505294,4.490320562006353,18.835289001464844,1771.015380859375,2616.8182067871094,41.9276123046875,140.6836649928588
mid_century_2050_2070__rcp_8_5__tech_high_electrification_pv_ev__seed_0000,mid_century_2050_2070__rcp_8_5__tech_high_electrification_pv_ev,mid_century_2050_2070,rcp_8_5,tech_high_electrification_pv_ev,seed_0000,2050-01-01,2070-12-31,2050-2070,/Users/alex/Library/CloudStorage/OneDrive-VrijeUniversiteitBrussel/Documenten/VUB/MA IW/Master Thesis/model_v3/inputs/climate/processed/mid_century/weather_mid_century_rcp_8_5_cnrm_cerfacs_cm5_cnrm_aladin63_r1i1p1.csv,T_out_C,I_solar_W_m2,2069,11.732597037537458,5.026241726345486,18.899585226307746,1726.1466369628906,2535.416778564453,63.24761962890625,143.4225423224985
mid_century_2050_2070__rcp_8_5__tech_high_electrification_pv_ev__seed_0000,mid_century_2050_2070__rcp_8_5__tech_high_electrification_pv_ev,mid_century_2050_2070,rcp_8_5,tech_high_electrification_pv_ev,seed_0000,2050-01-01,2070-12-31,2050-2070,/Users/alex/Library/CloudStorage/OneDrive-VrijeUniversiteitBrussel/Documenten/VUB/MA IW/Master Thesis/model_v3/inputs/climate/processed/mid_century/weather_mid_century_rcp_8_5_cnrm_cerfacs_cm5_cnrm_aladin63_r1i1p1.csv,T_out_C,I_solar_W_m2,2070,11.384159035878639,4.917574734157986,18.46071591584579,1736.7444763183594,2550.2470092773438,33.739990234375,147.380348278725
